Name,FireDragonCrane,,,,,,,,,,,,,,,,,,,,,,,,,,,,,,,,,,,
File,C:\Users\Are-Laptop\Documents\Skole\Bachelor\TC3\TestLogs\Scope Project.csv,,,,,,,,,,,,,,,,,,,,,,,,,,,,,,,,,,,
Starttime of export,1.33873E+17,mandag 24. mars 2025,53:07.2,,,,,,,,,,,,,,,,,,,,,,,,,,,,,,,,,
Endtime of export,1.33873E+17,mandag 24. mars 2025,53:11.3,,,,,,,,,,,,,,,,,,,,,,,,,,,,,,,,,
,,,,,,,,,,,,,,,,,,,,,,,,,,,,,,,,,,,,
,,,,,,,,,,,,,,,,,,,,,,,,,,,,,,,,,,,,
Name,Main Pa DCV,Main Pa Cyl,Main Pb DCV,Ps,Main X Ref,Main Piston Position,Main X Dot Ref,Main Piston Velocity,Main Flow A,Main Flow B,Main FF,Main PID,Main U,Main Error,Jib Pa Cyl,Jib Pa DCV,Jib Pb Cyl,Jib Pb DCV,Jib X Ref,Jib Piston Position,Jib X Dot Ref,Jib Velocity,Jib Flow A,Jib Flow B,Jib FF,Jib PID,Jib Error,Jib U,Winch Pa,Winch Pb,Winch Distance,Joystick Extrude,Joystick Jib,Joystick Main,Joystick Rotation,Joystick Winch
,,,,,,,,,,,,,,,,,,,,,,,,,,,,,,,,,,,,
0,0.080707306,49.58976925,0.295214652,147.7019754,0.491342564,0.491342564,0,0,0,0,0,0,0,0,59.90021335,63.26418812,74.64423673,63.31138414,0.505885316,0.505885316,0,0,0,0,0,0,0,0,0,0,0,0,0,0,0,0
10,0.08074936,49.59004245,0.295234337,147.7027561,0.491341147,0.491341147,0,0,0,0,0,0,0,0,59.90087085,63.26332556,74.643698,63.31109511,0.505885091,0.505885091,0,0,0,0,0,0,0,0,0,0,0,0,0,0,0,0
20,0.080758049,49.59032548,0.295195171,147.7037354,0.491339968,0.491339968,0,0,0,0,0,0,0,0,59.90137693,63.26208792,74.64274328,63.31096253,0.505884865,0.505884865,0,0,0,0,0,0,0,0,0,0,0,0,0,0,0,0
30,0.080736304,49.59076093,0.295198925,147.7052773,0.491338876,0.491338876,0,0,0,0,0,0,0,0,59.90169486,63.26075436,74.64194342,63.3111176,0.505885273,0.505885273,0,0,0,0,0,0,0,0,0,0,0,0,0,0,0,0
40,0.080783299,49.59147811,0.295241768,147.7070366,0.491338003,0.491338003,0,0,0,0,0,0,0,0,59.90159913,63.25933868,74.64133601,63.3111486,0.505884832,0.505884832,0,0,0,0,0,0,0,0,0,0,0,0,0,0,0,0
50,0.080940935,49.59249736,0.295320059,147.7084568,0.491337333,0.491337333,0,0,0,0,0,0,0,0,59.90141604,63.25823931,74.640569,63.31072908,0.505885518,0.505885518,0,0,0,0,0,0,0,0,0,0,0,0,0,0,0,0
60,0.081198758,49.59345045,0.295333954,147.7094661,0.491336989,0.491336989,0,0,0,0,0,0,0,0,59.9010095,63.25752886,74.63975599,63.31009351,0.505884698,0.505884698,0,0,0,0,0,0,0,0,0,0,0,0,0,0,0,0
70,0.081546848,49.59462866,0.295385504,147.7100006,0.491336943,0.491336943,0,0,0,0,0,0,0,0,59.90025639,63.25727198,74.63895246,63.30964913,0.505885671,0.505885671,0,0,0,0,0,0,0,0,0,0,0,0,0,0,0,0
80,0.081975809,49.59605553,0.295471161,147.7105343,0.491337031,0.491337031,0,0,0,0,0,0,0,0,59.89981698,63.25699562,74.63825713,63.30913975,0.505885428,0.505885428,0,0,0,0,0,0,0,0,0,0,0,0,0,0,0,0
90,0.08242857,49.59736598,0.295442977,147.7112577,0.491337104,0.491337104,0,0,0,0,0,0,0,0,59.89966513,63.25679901,74.63780771,63.30813941,0.505886291,0.505886291,0,0,0,0,0,0,0,0,0,0,0,0,0,0,0,0
100,0.082804841,49.59856518,0.295311179,147.7121994,0.491337162,0.491337162,0,0,0,0,0,0,0,0,59.89939035,63.25715775,74.63743955,63.30765956,0.505887052,0.505887052,0,0,0,0,0,0,0,0,0,0,0,0,0,0,0,0
110,0.083061742,49.59936912,0.295085494,147.7133362,0.491337344,0.491337344,0,0,0,0,0,0,0,0,59.89924561,63.25753916,74.63714687,63.3078004,0.505887876,0.505887876,0,0,0,0,0,0,0,0,0,0,0,0,0,0,0,0
120,0.083257059,49.59971337,0.294823349,147.7144055,0.491337639,0.491337639,0,0,0,0,0,0,0,0,59.89912354,63.25789153,74.6371651,63.30802431,0.505889701,0.505889701,0,0,0,0,0,0,0,0,0,0,0,0,0,0,0,0
130,0.083395491,49.59997476,0.294625404,147.7156016,0.491337897,0.491337897,0,0,0,0,0,0,0,0,59.89887803,63.25811965,74.63708098,63.3084676,0.505890535,0.505890535,0,0,0,0,0,0,0,0,0,0,0,0,0,0,0,0
140,0.083577934,49.6003524,0.294534929,147.7168605,0.491338121,0.491338121,0,0,0,0,0,0,0,0,59.89881018,63.25828186,74.63704852,63.30934999,0.505891727,0.505891727,0,0,0,0,0,0,0,0,0,0,0,0,0,0,0,0
150,0.083896142,49.60102724,0.294494539,147.7179788,0.491338588,0.491338588,0,0,0,0,0,0,0,0,59.89890446,63.25833519,74.63691869,63.31029162,0.505891818,0.505891818,0,0,0,0,0,0,0,0,0,0,0,0,0,0,0,0
160,0.084240409,49.60192201,0.294403556,147.7191092,0.491339138,0.491339138,0,0,0,0,0,0,0,0,59.89919429,63.25833729,74.63626691,63.31089798,0.505893277,0.505893277,0,0,0,0,0,0,0,0,0,0,0,0,0,0,0,0
170,0.084462482,49.60267629,0.294266836,147.7204871,0.491339347,0.491339347,0,0,0,0,0,0,0,0,59.89961296,63.25805174,74.63519033,63.31095549,0.505892814,0.505892814,0,0,0,0,0,0,0,0,0,0,0,0,0,0,0,0
180,0.084572342,49.603155,0.294088982,147.7218441,0.491339521,0.491339521,0,0,0,0,0,0,0,0,59.89985821,63.25750522,74.6340201,63.31031993,0.505893764,0.505893764,0,0,0,0,0,0,0,0,0,0,0,0,0,0,0,0
190,0.084724106,49.6037181,0.293874352,147.7231767,0.4913398,0.4913398,0,0,0,0,0,0,0,0,59.90023363,63.25696406,74.63286554,63.30910358,0.505894575,0.505894575,0,0,0,0,0,0,0,0,0,0,0,0,0,0,0,0
200,0.084913449,49.60454862,0.293723446,147.7244818,0.491340172,0.491340172,0,0,0,0,0,0,0,0,59.90106354,63.25614074,74.63172983,63.30736286,0.505895888,0.505895888,0,0,0,0,0,0,0,0,0,0,0,0,0,0,0,0
210,0.085039901,49.60528219,0.293679391,147.7255157,0.491340492,0.491340492,0,0,0,0,0,0,0,0,59.90215968,63.25520818,74.63080854,63.30587411,0.505897654,0.505897654,0,0,0,0,0,0,0,0,0,0,0,0,0,0,0,0
220,0.08510855,49.6059727,0.293684674,147.7262504,0.491340899,0.491340899,0,0,0,0,0,0,0,0,59.90306034,63.25432434,74.62979711,63.30505458,0.50589856,0.50589856,0,0,0,0,0,0,0,0,0,0,0,0,0,0,0,0
230,0.085220646,49.60662127,0.293734888,147.7267575,0.491341659,0.491341659,0,0,0,0,0,0,0,0,59.90368295,63.25339199,74.62880391,63.30451067,0.505900735,0.505900735,0,0,0,0,0,0,0,0,0,0,0,0,0,0,0,0
240,0.08522731,49.60718086,0.293681266,147.7272,0.491342738,0.491342738,0,0,0,0,0,0,0,0,59.90414615,63.2526119,74.62802402,63.30407546,0.505901212,0.505901212,0,0,0,0,0,0,0,0,0,0,0,0,0,0,0,0
250,0.085041495,49.60799453,0.293485053,147.7276782,0.491343829,0.491343829,0,0,0,0,0,0,0,0,59.90446226,63.25216639,74.62720061,63.30354825,0.505902194,0.505902194,0,0,0,0,0,0,0,0,0,0,0,0,0,0,0,0
260,0.084777426,49.60922925,0.293207885,147.7277052,0.491344513,0.491344513,0,0,0,0,0,0,0,0,59.90459492,63.25164194,74.62672633,63.30337302,0.505900947,0.505900947,0,0,0,0,0,0,0,0,0,0,0,0,0,0,0,0
270,0.08463587,49.61079455,0.292906245,147.7271763,0.491345237,0.491345237,0,0,0,0,0,0,0,0,59.90446351,63.25080667,74.62666842,63.30337461,0.505900359,0.505900359,0,0,0,0,0,0,0,0,0,0,0,0,0,0,0,0
280,0.084702885,49.6124139,0.292679882,147.7265285,0.491346131,0.491346131,0,0,0,0,0,0,0,0,59.904333,63.25007705,74.62655637,63.30305538,0.505898795,0.505898795,0,0,0,0,0,0,0,0,0,0,0,0,0,0,0,0
290,0.084815095,49.61397972,0.292571195,147.7255341,0.49134704,0.49134704,0,0,0,0,0,0,0,0,59.90405922,63.2499285,74.62644363,63.30268605,0.505897453,0.505897453,0,0,0,0,0,0,0,0,0,0,0,0,0,0,0,0
300,0.084823462,49.6154906,0.292425577,147.7241795,0.49134782,0.49134782,0,0,0,0,0,0,0,0,59.90375239,63.25016539,74.62690902,63.30270628,0.505896793,0.505896793,0,0,0,0,0,0,0,0,0,0,0,0,0,0,0,0
310,0.08473718,49.61670447,0.2921505,147.7228395,0.491348481,0.491348481,0,0,0,0,0,0,0,0,59.90346484,63.25060795,74.62765837,63.30288859,0.505895652,0.505895652,0,0,0,0,0,0,0,0,0,0,0,0,0,0,0,0
320,0.084565001,49.61769114,0.291854938,147.7214699,0.491348756,0.491348756,0,0,0,0,0,0,0,0,59.90285865,63.25089882,74.62842252,63.30321786,0.505895181,0.505895181,0,0,0,0,0,0,0,0,0,0,0,0,0,0,0,0
330,0.084363429,49.61856328,0.291686458,147.7198859,0.491348677,0.491348677,0,0,0,0,0,0,0,0,59.90215728,63.25105032,74.62905256,63.30411347,0.505892954,0.505892954,0,0,0,0,0,0,0,0,0,0,0,0,0,0,0,0
340,0.084135872,49.61918306,0.291586238,147.7182092,0.491348826,0.491348826,0,0,0,0,0,0,0,0,59.90132378,63.25112244,74.62922057,63.30484687,0.505892137,0.505892137,0,0,0,0,0,0,0,0,0,0,0,0,0,0,0,0
350,0.083885538,49.61971501,0.29154861,147.716551,0.491349182,0.491349182,0,0,0,0,0,0,0,0,59.90046956,63.25092917,74.62935249,63.30538137,0.505889922,0.505889922,0,0,0,0,0,0,0,0,0,0,0,0,0,0,0,0
360,0.083711824,49.62006847,0.29156816,147.7150127,0.491349589,0.491349589,0,0,0,0,0,0,0,0,59.89969623,63.25030209,74.62954739,63.3060217,0.505888971,0.505888971,0,0,0,0,0,0,0,0,0,0,0,0,0,0,0,0
370,0.083656801,49.62045067,0.291543345,147.7135897,0.491349903,0.491349903,0,0,0,0,0,0,0,0,59.89895145,63.2493786,74.62965432,63.30656315,0.50588712,0.50588712,0,0,0,0,0,0,0,0,0,0,0,0,0,0,0,0
380,0.083565561,49.62076115,0.291478205,147.7119882,0.491350129,0.491350129,0,0,0,0,0,0,0,0,59.89818743,63.24852603,74.62972887,63.30710876,0.50588588,0.50588588,0,0,0,0,0,0,0,0,0,0,0,0,0,0,0,0
390,0.08339349,49.62066773,0.291376579,147.7102303,0.491350277,0.491350277,0,0,0,0,0,0,0,0,59.89760167,63.24769327,74.62967724,63.30808975,0.5058852,0.5058852,0,0,0,0,0,0,0,0,0,0,0,0,0,0,0,0
400,0.083196641,49.62064039,0.291386691,147.7084333,0.491350076,0.491350076,0,0,0,0,0,0,0,0,59.89708427,63.24750834,74.62989639,63.30922258,0.505883769,0.505883769,0,0,0,0,0,0,0,0,0,0,0,0,0,0,0,0
410,0.082977994,49.6203842,0.291450377,147.7069451,0.491349559,0.491349559,0,0,0,0,0,0,0,0,59.89658299,63.24757706,74.63098789,63.31015194,0.505883399,0.505883399,0,0,0,0,0,0,0,0,0,0,0,0,0,0,0,0
420,0.082836734,49.61977595,0.291466242,147.7062743,0.491349305,0.491349305,0,0,0,0,0,0,0,0,59.89648392,63.2472983,74.63248439,63.31103682,0.505881625,0.505881625,0,0,0,0,0,0,0,0,0,0,0,0,0,0,0,0
430,0.082814737,49.61909027,0.291534857,147.7062544,0.491349156,0.491349156,0,0,0,0,0,0,0,0,59.89689629,63.2469932,74.63357289,63.31187769,0.505881741,0.505881741,0,0,0,0,0,0,0,0,0,0,0,0,0,0,0,0
440,0.08290149,49.61843315,0.291651263,147.7062495,0.491348964,0.491348964,0,0,0,0,0,0,0,0,59.89762846,63.2467135,74.63481549,63.31253055,0.505880574,0.505880574,0,0,0,0,0,0,0,0,0,0,0,0,0,0,0,0
450,0.083038796,49.61780463,0.29171437,147.7061136,0.491348872,0.491348872,0,0,0,0,0,0,0,0,59.89884189,63.24602431,74.6360008,63.31291314,0.505880457,0.505880457,0,0,0,0,0,0,0,0,0,0,0,0,0,0,0,0
460,0.083221621,49.61734924,0.291680471,147.7060517,0.491348458,0.491348458,0,0,0,0,0,0,0,0,59.90005528,63.24491654,74.63645454,63.31309617,0.505879874,0.505879874,0,0,0,0,0,0,0,0,0,0,0,0,0,0,0,0
470,0.083445197,49.61681242,0.291606512,147.7063948,0.491347754,0.491347754,0,0,0,0,0,0,0,0,59.90068554,63.24386549,74.63667366,63.31314484,0.505879501,0.505879501,0,0,0,0,0,0,0,0,0,0,0,0,0,0,0,0
480,0.083753215,49.61586618,0.291592731,147.7071055,0.491347062,0.491347062,0,0,0,0,0,0,0,0,59.90111934,63.24320763,74.63672634,63.31345643,0.505879321,0.505879321,0,0,0,0,0,0,0,0,0,0,0,0,0,0,0,0
490,0.084233341,49.6148398,0.291633836,147.7078111,0.491346521,0.491346521,0,0,0,0,0,0,0,0,59.90170977,63.24281423,74.63657896,63.31390997,0.505878685,0.505878685,0,0,0,0,0,0,0,0,0,0,0,0,0,0,0,0
500,0.084771999,49.61388902,0.291580207,147.7084128,0.491346121,0.491346121,0,0,0,0,0,0,0,0,59.90200686,63.24271153,74.63658723,63.31400913,0.505879533,0.505879533,0,0,0,0,0,0,0,0,0,0,0,0,0,0,0,0
510,0.085217285,49.61262534,0.291392282,147.7089175,0.491345301,0.491345301,0,0,0,0,0,0,0,0,59.9020355,63.24306688,74.63683368,63.31373681,0.50587841,0.50587841,0,0,0,0,0,0,0,0,0,0,0,0,0,0,0,0
520,0.085672123,49.61088877,0.291179122,147.7096209,0.491343963,0.491343963,0,0,0,0,0,0,0,0,59.90201219,63.24350083,74.63734436,63.31336805,0.505878815,0.505878815,0,0,0,0,0,0,0,0,0,0,0,0,0,0,0,0
530,0.086133868,49.60925832,0.291040196,147.71084,0.491342296,0.491342296,0,0,0,0,0,0,0,0,59.90194165,63.24390829,74.63804558,63.31305747,0.505877925,0.505877925,0,0,0,0,0,0,0,0,0,0,0,0,0,0,0,0
540,0.086503698,49.60821292,0.29087307,147.7119458,0.491340886,0.491340886,0,0,0,0,0,0,0,0,59.90187654,63.2443864,74.63891764,63.31270474,0.505878069,0.505878069,0,0,0,0,0,0,0,0,0,0,0,0,0,0,0,0
550,0.08678832,49.60756014,0.290680911,147.7127995,0.491339991,0.491339991,0,0,0,0,0,0,0,0,59.9021058,63.24473422,74.63989373,63.31241137,0.505877576,0.505877576,0,0,0,0,0,0,0,0,0,0,0,0,0,0,0,0
560,0.087090568,49.6069785,0.290563087,147.7139019,0.491339294,0.491339294,0,0,0,0,0,0,0,0,59.90279514,63.24481737,74.64110533,63.31207687,0.505876978,0.505876978,0,0,0,0,0,0,0,0,0,0,0,0,0,0,0,0
570,0.087311296,49.60607844,0.290417072,147.7146002,0.49133823,0.49133823,0,0,0,0,0,0,0,0,59.90337082,63.24451446,74.64262312,63.31141705,0.505876918,0.505876918,0,0,0,0,0,0,0,0,0,0,0,0,0,0,0,0
580,0.087408685,49.60484362,0.290197754,147.714542,0.491336835,0.491336835,0,0,0,0,0,0,0,0,59.90369611,63.24419835,74.64422112,63.31031884,0.505875611,0.505875611,0,0,0,0,0,0,0,0,0,0,0,0,0,0,0,0
590,0.087393308,49.60374238,0.290057093,147.714614,0.491335694,0.491335694,0,0,0,0,0,0,0,0,59.90393653,63.24430519,74.6458859,63.30901832,0.50587586,0.50587586,0,0,0,0,0,0,0,0,0,0,0,0,0,0,0,0
600,0.087323441,49.60271902,0.289988653,147.7149006,0.491334653,0.491334653,0,0,0,0,0,0,0,0,59.90433966,63.2446042,74.64755675,63.3080687,0.505874206,0.505874206,0,0,0,0,0,0,0,0,0,0,0,0,0,0,0,0
610,0.087204199,49.60124053,0.289986288,147.7149963,0.491333705,0.491333705,0,0,0,0,0,0,0,0,59.90484124,63.24478798,74.64927475,63.30749076,0.50587367,0.50587367,0,0,0,0,0,0,0,0,0,0,0,0,0,0,0,0
620,0.087040443,49.59940138,0.289947749,147.7148693,0.491332985,0.491332985,0,0,0,0,0,0,0,0,59.90528597,63.24486603,74.65088432,63.30701278,0.505871942,0.505871942,0,0,0,0,0,0,0,0,0,0,0,0,0,0,0,0
630,0.086933158,49.59753004,0.289828211,147.7147327,0.491332337,0.491332337,0,0,0,0,0,0,0,0,59.9053398,63.2451366,74.652196,63.30686873,0.505870873,0.505870873,0,0,0,0,0,0,0,0,0,0,0,0,0,0,0,0
640,0.086877752,49.59554038,0.289635343,147.714588,0.491331895,0.491331895,0,0,0,0,0,0,0,0,59.90503724,63.24562971,74.65347202,63.30707771,0.505870092,0.505870092,0,0,0,0,0,0,0,0,0,0,0,0,0,0,0,0
650,0.086725254,49.59364353,0.289328229,147.7139062,0.491331505,0.491331505,0,0,0,0,0,0,0,0,59.90470032,63.24598629,74.65466233,63.30736654,0.50586863,0.50586863,0,0,0,0,0,0,0,0,0,0,0,0,0,0,0,0
660,0.086484893,49.59227246,0.288918233,147.712786,0.491331163,0.491331163,0,0,0,0,0,0,0,0,59.90433342,63.24607248,74.65519153,63.30734146,0.50586908,0.50586908,0,0,0,0,0,0,0,0,0,0,0,0,0,0,0,0
670,0.086213619,49.59153046,0.288464308,147.7116564,0.491331005,0.491331005,0,0,0,0,0,0,0,0,59.90389246,63.24610474,74.65506808,63.3074642,0.505867478,0.505867478,0,0,0,0,0,0,0,0,0,0,0,0,0,0,0,0
680,0.086108021,49.59107539,0.288020344,147.7109081,0.49133129,0.49133129,0,0,0,0,0,0,0,0,59.90324119,63.24579857,74.65463963,63.30810667,0.505867175,0.505867175,0,0,0,0,0,0,0,0,0,0,0,0,0,0,0,0
690,0.086105601,49.5905944,0.287539014,147.7105585,0.491331839,0.491331839,0,0,0,0,0,0,0,0,59.90240085,63.24523346,74.65412773,63.30854545,0.505865684,0.505865684,0,0,0,0,0,0,0,0,0,0,0,0,0,0,0,0
700,0.086149008,49.58970615,0.287073732,147.7098987,0.491332352,0.491332352,0,0,0,0,0,0,0,0,59.90158435,63.24429005,74.6536864,63.30879692,0.505865014,0.505865014,0,0,0,0,0,0,0,0,0,0,0,0,0,0,0,0
710,0.086233999,49.58854672,0.286576717,147.7091999,0.491332555,0.491332555,0,0,0,0,0,0,0,0,59.90074459,63.24319847,74.65335931,63.30911769,0.505864462,0.505864462,0,0,0,0,0,0,0,0,0,0,0,0,0,0,0,0
720,0.086404736,49.58743394,0.286052749,147.7086129,0.491332338,0.491332338,0,0,0,0,0,0,0,0,59.89983876,63.24240993,74.65313759,63.30935576,0.505864178,0.505864178,0,0,0,0,0,0,0,0,0,0,0,0,0,0,0,0
730,0.086701118,49.58641624,0.285554485,147.7079856,0.491331738,0.491331738,0,0,0,0,0,0,0,0,59.89897269,63.24180421,74.65267541,63.30946934,0.50586493,0.50586493,0,0,0,0,0,0,0,0,0,0,0,0,0,0,0,0
740,0.087062618,49.58548921,0.285226187,147.7075648,0.491331204,0.491331204,0,0,0,0,0,0,0,0,59.89814628,63.24127109,74.65214053,63.30922808,0.505864884,0.505864884,0,0,0,0,0,0,0,0,0,0,0,0,0,0,0,0
750,0.087433829,49.58474482,0.285005856,147.7071895,0.491330871,0.491330871,0,0,0,0,0,0,0,0,59.8977448,63.24080622,74.65211985,63.30851989,0.505866323,0.505866323,0,0,0,0,0,0,0,0,0,0,0,0,0,0,0,0
760,0.087716039,49.58378425,0.284884767,147.7070979,0.491330859,0.491330859,0,0,0,0,0,0,0,0,59.89773208,63.24064633,74.65266414,63.30791917,0.505866741,0.505866741,0,0,0,0,0,0,0,0,0,0,0,0,0,0,0,0
770,0.088012426,49.58311243,0.284758195,147.7070725,0.491330865,0.491330865,0,0,0,0,0,0,0,0,59.89768808,63.24081315,74.65357647,63.30732236,0.505868753,0.505868753,0,0,0,0,0,0,0,0,0,0,0,0,0,0,0,0
780,0.088175982,49.5829473,0.284578933,147.7069147,0.491330887,0.491330887,0,0,0,0,0,0,0,0,59.89790491,63.24132518,74.65462776,63.30629774,0.505868892,0.505868892,0,0,0,0,0,0,0,0,0,0,0,0,0,0,0,0
790,0.088169671,49.58276259,0.284400563,147.706685,0.491331198,0.491331198,0,0,0,0,0,0,0,0,59.89855132,63.24152322,74.65565694,63.30508013,0.505869695,0.505869695,0,0,0,0,0,0,0,0,0,0,0,0,0,0,0,0
800,0.088201385,49.58231978,0.284175519,147.7061981,0.491331635,0.491331635,0,0,0,0,0,0,0,0,59.89900826,63.24162715,74.65680649,63.30393245,0.50587094,0.50587094,0,0,0,0,0,0,0,0,0,0,0,0,0,0,0,0
810,0.088267618,49.58149898,0.283908835,147.7053823,0.491332184,0.491332184,0,0,0,0,0,0,0,0,59.89929076,63.24198229,74.6578684,63.30294941,0.505871478,0.505871478,0,0,0,0,0,0,0,0,0,0,0,0,0,0,0,0
820,0.088268658,49.58067437,0.283653458,147.7044627,0.491333108,0.491333108,0,0,0,0,0,0,0,0,59.89989515,63.24232393,74.65855711,63.30192748,0.505873266,0.505873266,0,0,0,0,0,0,0,0,0,0,0,0,0,0,0,0
830,0.088113905,49.58028328,0.283409391,147.7036452,0.49133437,0.49133437,0,0,0,0,0,0,0,0,59.90059765,63.2428929,74.65924042,63.30106693,0.505873657,0.505873657,0,0,0,0,0,0,0,0,0,0,0,0,0,0,0,0
840,0.087817816,49.57995139,0.283272978,147.7032128,0.491335523,0.491335523,0,0,0,0,0,0,0,0,59.90076027,63.24342579,74.65972333,63.30021224,0.505875776,0.505875776,0,0,0,0,0,0,0,0,0,0,0,0,0,0,0,0
850,0.087586888,49.57962654,0.283235192,147.7030368,0.491336296,0.491336296,0,0,0,0,0,0,0,0,59.90100866,63.243249,74.66016632,63.29941445,0.505876459,0.505876459,0,0,0,0,0,0,0,0,0,0,0,0,0,0,0,0
860,0.087319859,49.57911663,0.283287418,147.7030469,0.491337134,0.491337134,0,0,0,0,0,0,0,0,59.90147879,63.24247447,74.66071577,63.29896082,0.505878043,0.505878043,0,0,0,0,0,0,0,0,0,0,0,0,0,0,0,0
870,0.086972796,49.57839192,0.283325066,147.7031301,0.491337889,0.491337889,0,0,0,0,0,0,0,0,59.90190814,63.24188128,74.66121548,63.29838881,0.505879336,0.505879336,0,0,0,0,0,0,0,0,0,0,0,0,0,0,0,0
880,0.086795147,49.57776351,0.283349283,147.7034724,0.49133829,0.49133829,0,0,0,0,0,0,0,0,59.90273237,63.24174481,74.66186065,63.29737386,0.50588099,0.50588099,0,0,0,0,0,0,0,0,0,0,0,0,0,0,0,0
890,0.086772559,49.57741809,0.283361167,147.7041457,0.491338644,0.491338644,0,0,0,0,0,0,0,0,59.9035758,63.24168766,74.66278041,63.29624848,0.505883757,0.505883757,0,0,0,0,0,0,0,0,0,0,0,0,0,0,0,0
900,0.086698571,49.57709094,0.283361766,147.7049253,0.491338677,0.491338677,0,0,0,0,0,0,0,0,59.90457796,63.24175121,74.66356117,63.29502694,0.505885631,0.505885631,0,0,0,0,0,0,0,0,0,0,0,0,0,0,0,0
910,0.086481657,49.57649254,0.283303889,147.7058467,0.491338417,0.491338417,0,0,0,0,0,0,0,0,59.9056244,63.24202087,74.6642122,63.29391537,0.505888264,0.505888264,0,0,0,0,0,0,0,0,0,0,0,0,0,0,0,0
920,0.086183566,49.57574576,0.283144766,147.7066047,0.491338168,0.491338168,0,0,0,0,0,0,0,0,59.90622514,63.24233267,74.66488704,63.29242646,0.505889682,0.505889682,0,0,0,0,0,0,0,0,0,0,0,0,0,0,0,0
930,0.085957267,49.57496311,0.282894023,147.7068733,0.491337653,0.491337653,0,0,0,0,0,0,0,0,59.90685114,63.24258526,74.66529175,63.29040684,0.505891883,0.505891883,0,0,0,0,0,0,0,0,0,0,0,0,0,0,0,0
940,0.085797273,49.57424726,0.28256079,147.7070806,0.491337312,0.491337312,0,0,0,0,0,0,0,0,59.90788323,63.2427347,74.66559332,63.28877912,0.505891946,0.505891946,0,0,0,0,0,0,0,0,0,0,0,0,0,0,0,0
950,0.085698326,49.57373967,0.282250099,147.7078577,0.491337129,0.491337129,0,0,0,0,0,0,0,0,59.90879931,63.24283777,74.66570333,63.28756309,0.505892903,0.505892903,0,0,0,0,0,0,0,0,0,0,0,0,0,0,0,0
960,0.085559004,49.57356842,0.282105752,147.7089581,0.491336955,0.491336955,0,0,0,0,0,0,0,0,59.9095579,63.24294638,74.6654456,63.28643782,0.505892934,0.505892934,0,0,0,0,0,0,0,0,0,0,0,0,0,0,0,0
970,0.085335254,49.57341515,0.282065344,147.7098186,0.491336789,0.491336789,0,0,0,0,0,0,0,0,59.91070011,63.24344514,74.66523937,63.28539968,0.505892752,0.505892752,0,0,0,0,0,0,0,0,0,0,0,0,0,0,0,0
980,0.08503546,49.5729897,0.282119801,147.7100716,0.49133663,0.49133663,0,0,0,0,0,0,0,0,59.91184999,63.24424922,74.66508087,63.28487876,0.505893958,0.505893958,0,0,0,0,0,0,0,0,0,0,0,0,0,0,0,0
990,0.084812141,49.57265529,0.282164091,147.710011,0.49133648,0.49133648,0,0,0,0,0,0,0,0,59.91295413,63.24542471,74.66472553,63.28473479,0.505893738,0.505893738,0,0,0,0,0,0,0,0,0,0,0,0,0,0,0,0
1000,0.084659384,49.57259792,0.282198942,147.7102433,0.491336337,0.491336337,0,0,0,0,0,0,0,0,59.91410862,63.24688577,74.66452959,63.28454927,0.505895062,0.505895062,0,0,0,0,0,0,0,0,0,0,0,0,0,0,0,0
1010,0.084426944,49.57264862,0.282225057,147.7107416,0.491336202,0.491336202,0,0,0,0,0,0,0,0,59.91525624,63.24816752,74.66467242,63.28418207,0.505894945,0.505894945,0,0,0,0,0,0,0,0,0,0,0,0,0,0,0,0
1020,0.084171011,49.57265302,0.282243108,147.7110464,0.4913358,0.4913358,0,0,0,0,0,0,0,0,59.91644126,63.24942541,74.66464145,63.28360259,0.505895411,0.505895411,0,0,0,0,0,0,0,0,0,0,0,0,0,0,0,0
1030,0.083894683,49.5726152,0.282350127,147.7111256,0.491335156,0.491335156,0,0,0,0,0,0,0,0,59.91765567,63.25089757,74.66469318,63.28302474,0.505894668,0.505894668,0,0,0,0,0,0,0,0,0,0,0,0,0,0,0,0
1040,0.08355267,49.57282822,0.282441399,147.7112398,0.491334293,0.491334293,0,0,0,0,0,0,0,0,59.91860292,63.25222178,74.66467551,63.28230608,0.505893933,0.505893933,0,0,0,0,0,0,0,0,0,0,0,0,0,0,0,0
1050,0.083200353,49.57307619,0.282614349,147.7111446,0.491333235,0.491333235,0,0,0,0,0,0,0,0,59.91906204,63.25350236,74.66391995,63.28165473,0.505894156,0.505894156,0,0,0,0,0,0,0,0,0,0,0,0,0,0,0,0
1060,0.082936423,49.57311406,0.282861037,147.7104734,0.491332278,0.491332278,0,0,0,0,0,0,0,0,59.91960471,63.25464174,74.66273602,63.28121187,0.50589288,0.50589288,0,0,0,0,0,0,0,0,0,0,0,0,0,0,0,0
1070,0.082657682,49.57315311,0.283173937,147.7093765,0.491331555,0.491331555,0,0,0,0,0,0,0,0,59.92002859,63.25550338,74.66179298,63.28081613,0.50589388,0.50589388,0,0,0,0,0,0,0,0,0,0,0,0,0,0,0,0
1080,0.082462934,49.57381959,0.28354593,147.7082332,0.491331048,0.491331048,0,0,0,0,0,0,0,0,59.92010161,63.25634954,74.66092855,63.28051309,0.505893313,0.505893313,0,0,0,0,0,0,0,0,0,0,0,0,0,0,0,0
1090,0.082345483,49.57500693,0.284066683,147.7072451,0.491330602,0.491330602,0,0,0,0,0,0,0,0,59.92004742,63.25727463,74.65965724,63.28044028,0.505893849,0.505893849,0,0,0,0,0,0,0,0,0,0,0,0,0,0,0,0
1100,0.082202539,49.57618224,0.28472092,147.7064985,0.491330212,0.491330212,0,0,0,0,0,0,0,0,59.92002212,63.25831618,74.658213,63.28057754,0.505894125,0.505894125,0,0,0,0,0,0,0,0,0,0,0,0,0,0,0,0
1110,0.081940546,49.57758289,0.285253234,147.7058787,0.491329602,0.491329602,0,0,0,0,0,0,0,0,59.91992685,63.25960431,74.65661688,63.28071287,0.505893846,0.505893846,0,0,0,0,0,0,0,0,0,0,0,0,0,0,0,0
1120,0.081667502,49.57918335,0.285624164,147.7050395,0.491329068,0.491329068,0,0,0,0,0,0,0,0,59.91991279,63.26135299,74.65517785,63.28113508,0.505894643,0.505894643,0,0,0,0,0,0,0,0,0,0,0,0,0,0,0,0
1130,0.081481852,49.58100772,0.285894779,147.7042927,0.491328742,0.491328742,0,0,0,0,0,0,0,0,59.92011736,63.26332161,74.6540804,63.28196159,0.505893257,0.505893257,0,0,0,0,0,0,0,0,0,0,0,0,0,0,0,0
1140,0.081231987,49.58322169,0.286024731,147.7041634,0.491328607,0.491328607,0,0,0,0,0,0,0,0,59.92037573,63.26529009,74.65276839,63.28310502,0.505893679,0.505893679,0,0,0,0,0,0,0,0,0,0,0,0,0,0,0,0
1150,0.081069175,49.58544455,0.286074199,147.7042597,0.49132851,0.49132851,0,0,0,0,0,0,0,0,59.92039297,63.26725068,74.65121786,63.28409895,0.505892746,0.505892746,0,0,0,0,0,0,0,0,0,0,0,0,0,0,0,0
1160,0.081034519,49.58766672,0.286098333,147.7038384,0.491328448,0.491328448,0,0,0,0,0,0,0,0,59.9202386,63.26929272,74.64988988,63.2852901,0.505892792,0.505892792,0,0,0,0,0,0,0,0,0,0,0,0,0,0,0,0
1170,0.081068574,49.58973492,0.286099288,147.7030434,0.491328142,0.491328142,0,0,0,0,0,0,0,0,59.92031405,63.27135271,74.64852894,63.28680081,0.505893416,0.505893416,0,0,0,0,0,0,0,0,0,0,0,0,0,0,0,0
1180,0.0811651,49.59160647,0.285982734,147.7023449,0.491327616,0.491327616,0,0,0,0,0,0,0,0,59.92064677,63.2729872,74.64651684,63.28797023,0.505892983,0.505892983,0,0,0,0,0,0,0,0,0,0,0,0,0,0,0,0
1190,0.081173586,49.59386977,0.285711381,147.7013516,0.491327304,0.491327304,0,0,0,0,0,0,0,0,59.92116441,63.27437212,74.64420853,63.28882406,0.505894433,0.505894433,0,0,0,0,0,0,0,0,0,0,0,0,0,0,0,0
1200,0.081101823,49.59619193,0.285444632,147.7002862,0.491327325,0.491327325,0,0,0,0,0,0,0,0,59.92184849,63.27562056,74.64226597,63.28957974,0.505893485,0.505893485,0,0,0,0,0,0,0,0,0,0,0,0,0,0,0,0
1210,0.081005416,49.59812479,0.285183133,147.699304,0.491327512,0.491327512,0,0,0,0,0,0,0,0,59.92272971,63.27654695,74.64066432,63.29019482,0.505893673,0.505893673,0,0,0,0,0,0,0,0,0,0,0,0,0,0,0,0
1220,0.080838744,49.59983992,0.284927448,147.6984015,0.491327712,0.491327712,0,0,0,0,0,0,0,0,59.92373888,63.27712806,74.63894587,63.29072756,0.505892842,0.505892842,0,0,0,0,0,0,0,0,0,0,0,0,0,0,0,0
1230,0.080608708,49.60096433,0.284678072,147.6976715,0.491327649,0.491327649,0,0,0,0,0,0,0,0,59.92510162,63.27748866,74.63727237,63.29185786,0.50589235,0.50589235,0,0,0,0,0,0,0,0,0,0,0,0,0,0,0,0
1240,0.080321846,49.60154608,0.284387234,147.6970535,0.491327208,0.491327208,0,0,0,0,0,0,0,0,59.92682931,63.2777433,74.63550184,63.2934318,0.505892959,0.505892959,0,0,0,0,0,0,0,0,0,0,0,0,0,0,0,0
1250,0.079984341,49.60201664,0.284011574,147.696347,0.491326425,0.491326425,0,0,0,0,0,0,0,0,59.92840079,63.27780402,74.63316798,63.29496998,0.505892039,0.505892039,0,0,0,0,0,0,0,0,0,0,0,0,0,0,0,0
1260,0.079650217,49.60233583,0.283656499,147.6956111,0.491325883,0.491325883,0,0,0,0,0,0,0,0,59.92982372,63.27778418,74.63047463,63.29627676,0.505892734,0.505892734,0,0,0,0,0,0,0,0,0,0,0,0,0,0,0,0
1270,0.079465073,49.6022267,0.283417966,147.6949474,0.491325425,0.491325425,0,0,0,0,0,0,0,0,59.93115388,63.2778356,74.62780171,63.2975603,0.505890946,0.505890946,0,0,0,0,0,0,0,0,0,0,0,0,0,0,0,0
1280,0.079464594,49.60206507,0.283190176,147.6945452,0.491324634,0.491324634,0,0,0,0,0,0,0,0,59.93234608,63.27785536,74.62559171,63.29881759,0.50589038,0.50589038,0,0,0,0,0,0,0,0,0,0,0,0,0,0,0,0
1290,0.079439601,49.60190444,0.283069459,147.6941416,0.491323954,0.491323954,0,0,0,0,0,0,0,0,59.93345605,63.27770163,74.62347485,63.29985325,0.505889664,0.505889664,0,0,0,0,0,0,0,0,0,0,0,0,0,0,0,0
1300,0.079344178,49.60188994,0.283094971,147.6937385,0.491323516,0.491323516,0,0,0,0,0,0,0,0,59.93443853,63.27753499,74.6216922,63.3011166,0.505889132,0.505889132,0,0,0,0,0,0,0,0,0,0,0,0,0,0,0,0
1310,0.079377732,49.60210503,0.283205424,147.6938194,0.491323163,0.491323163,0,0,0,0,0,0,0,0,59.93539736,63.27745364,74.62036565,63.3028234,0.505889716,0.505889716,0,0,0,0,0,0,0,0,0,0,0,0,0,0,0,0
1320,0.079673249,49.60248027,0.283296449,147.6939071,0.491322888,0.491322888,0,0,0,0,0,0,0,0,59.93633085,63.27720937,74.61950813,63.30449376,0.505889104,0.505889104,0,0,0,0,0,0,0,0,0,0,0,0,0,0,0,0
1330,0.080013512,49.60299993,0.283465799,147.6936633,0.491322685,0.491322685,0,0,0,0,0,0,0,0,59.93723756,63.27648025,74.61903313,63.30578698,0.50589009,0.50589009,0,0,0,0,0,0,0,0,0,0,0,0,0,0,0,0
1340,0.080296817,49.60360095,0.283705845,147.6933113,0.491322687,0.491322687,0,0,0,0,0,0,0,0,59.93773076,63.27526406,74.61886037,63.30692424,0.505889526,0.505889526,0,0,0,0,0,0,0,0,0,0,0,0,0,0,0,0
1350,0.080623493,49.60437011,0.284057551,147.693344,0.491322876,0.491322876,0,0,0,0,0,0,0,0,59.93750788,63.27380165,74.61886726,63.30772213,0.505890239,0.505890239,0,0,0,0,0,0,0,0,0,0,0,0,0,0,0,0
1360,0.080988395,49.60509666,0.284365027,147.6938717,0.49132282,0.49132282,0,0,0,0,0,0,0,0,59.93682622,63.27231344,74.61898964,63.30787031,0.505889899,0.505889899,0,0,0,0,0,0,0,0,0,0,0,0,0,0,0,0
1370,0.081193915,49.60539598,0.284534605,147.6946554,0.491322818,0.491322818,0,0,0,0,0,0,0,0,59.93630754,63.27061484,74.61979507,63.30781147,0.505890024,0.505890024,0,0,0,0,0,0,0,0,0,0,0,0,0,0,0,0
1380,0.081301597,49.60549761,0.284577867,147.6957658,0.491322865,0.491322865,0,0,0,0,0,0,0,0,59.93579483,63.2689722,74.62064136,63.30766062,0.505891046,0.505891046,0,0,0,0,0,0,0,0,0,0,0,0,0,0,0,0
1390,0.081319709,49.60575607,0.284554061,147.6971213,0.491322955,0.491322955,0,0,0,0,0,0,0,0,59.93504862,63.26748342,74.62094323,63.30771569,0.505891301,0.505891301,0,0,0,0,0,0,0,0,0,0,0,0,0,0,0,0
1400,0.081304332,49.60596364,0.284469239,147.6984537,0.491323223,0.491323223,0,0,0,0,0,0,0,0,59.93418898,63.2662371,74.62103702,63.30824733,0.505892911,0.505892911,0,0,0,0,0,0,0,0,0,0,0,0,0,0,0,0
1410,0.081354888,49.60631679,0.284377352,147.7001454,0.491323651,0.491323651,0,0,0,0,0,0,0,0,59.93356675,63.26545757,74.62065168,63.3090665,0.505893062,0.505893062,0,0,0,0,0,0,0,0,0,0,0,0,0,0,0,0
1420,0.081465318,49.60680118,0.284375775,147.7022542,0.491324224,0.491324224,0,0,0,0,0,0,0,0,59.93287412,63.26496186,74.61983132,63.30975889,0.505894728,0.505894728,0,0,0,0,0,0,0,0,0,0,0,0,0,0,0,0
1430,0.081629867,49.60735506,0.284504683,147.7045901,0.491324926,0.491324926,0,0,0,0,0,0,0,0,59.93192732,63.26467851,74.61885879,63.30994747,0.505895082,0.505895082,0,0,0,0,0,0,0,0,0,0,0,0,0,0,0,0
1440,0.081843076,49.60787368,0.28470378,147.7072682,0.491325606,0.491325606,0,0,0,0,0,0,0,0,59.93089724,63.26420422,74.61794423,63.30991725,0.505896608,0.505896608,0,0,0,0,0,0,0,0,0,0,0,0,0,0,0,0
1450,0.082003393,49.6084545,0.284966042,147.7099103,0.491326263,0.491326263,0,0,0,0,0,0,0,0,59.93008451,63.26346146,74.6170379,63.31002513,0.505897775,0.505897775,0,0,0,0,0,0,0,0,0,0,0,0,0,0,0,0
1460,0.082066693,49.60894512,0.285140243,147.7123164,0.491327034,0.491327034,0,0,0,0,0,0,0,0,59.92956941,63.26291074,74.61633542,63.31035479,0.505898767,0.505898767,0,0,0,0,0,0,0,0,0,0,0,0,0,0,0,0
1470,0.08208954,49.6089179,0.285281714,147.7140642,0.491327906,0.491327906,0,0,0,0,0,0,0,0,59.92908656,63.26224801,74.61596603,63.31088524,0.505900861,0.505900861,0,0,0,0,0,0,0,0,0,0,0,0,0,0,0,0
1480,0.082220016,49.60851534,0.285489188,147.7156389,0.491328865,0.491328865,0,0,0,0,0,0,0,0,59.92844223,63.26129308,74.61614255,63.31150014,0.505901264,0.505901264,0,0,0,0,0,0,0,0,0,0,0,0,0,0,0,0
1490,0.082399849,49.60796514,0.285755984,147.7176282,0.491329902,0.491329902,0,0,0,0,0,0,0,0,59.92755693,63.26007568,74.61681578,63.31252692,0.505903128,0.505903128,0,0,0,0,0,0,0,0,0,0,0,0,0,0,0,0
1500,0.082527559,49.60781273,0.286075776,147.7194089,0.491330867,0.491330867,0,0,0,0,0,0,0,0,59.92645557,63.25896128,74.617457,63.31402132,0.505903943,0.505903943,0,0,0,0,0,0,0,0,0,0,0,0,0,0,0,0
1510,0.082751852,49.60826432,0.286346206,147.7208963,0.491331488,0.491331488,0,0,0,0,0,0,0,0,59.92520988,63.25808971,74.61830748,63.31550214,0.505906014,0.505906014,0,0,0,0,0,0,0,0,0,0,0,0,0,0,0,0
1520,0.08291868,49.60878253,0.286522401,147.7218694,0.491332068,0.491332068,0,0,0,0,0,0,0,0,59.92407857,63.25700911,74.61905611,63.31662739,0.505906692,0.505906692,0,0,0,0,0,0,0,0,0,0,0,0,0,0,0,0
1530,0.082984299,49.60902204,0.286612039,147.7222257,0.491332333,0.491332333,0,0,0,0,0,0,0,0,59.92315234,63.25641701,74.61937164,63.31766519,0.505907677,0.505907677,0,0,0,0,0,0,0,0,0,0,0,0,0,0,0,0
1540,0.083102022,49.60915126,0.286670649,147.7223559,0.491332173,0.491332173,0,0,0,0,0,0,0,0,59.92232022,63.25656149,74.6193395,63.31886018,0.505909414,0.505909414,0,0,0,0,0,0,0,0,0,0,0,0,0,0,0,0
1550,0.083314946,49.60927585,0.286797143,147.7219903,0.491331763,0.491331763,0,0,0,0,0,0,0,0,59.92128798,63.2569428,74.61942444,63.31985633,0.505909931,0.505909931,0,0,0,0,0,0,0,0,0,0,0,0,0,0,0,0
1560,0.083469194,49.60915478,0.28698499,147.7214637,0.491331128,0.491331128,0,0,0,0,0,0,0,0,59.91974014,63.25720105,74.61976031,63.32018544,0.505911549,0.505911549,0,0,0,0,0,0,0,0,0,0,0,0,0,0,0,0
1570,0.083521177,49.60881035,0.287035225,147.7210815,0.49133029,0.49133029,0,0,0,0,0,0,0,0,59.91816234,63.25691241,74.62032349,63.3197609,0.505910843,0.505910843,0,0,0,0,0,0,0,0,0,0,0,0,0,0,0,0
1580,0.083431584,49.60898666,0.286911684,147.7203988,0.49132927,0.49132927,0,0,0,0,0,0,0,0,59.91680446,63.25627119,74.62113973,63.31913329,0.505911342,0.505911342,0,0,0,0,0,0,0,0,0,0,0,0,0,0,0,0
1590,0.083261542,49.60978132,0.286726683,147.7194449,0.491328089,0.491328089,0,0,0,0,0,0,0,0,59.91531495,63.25564861,74.62208696,63.31870867,0.505910408,0.505910408,0,0,0,0,0,0,0,0,0,0,0,0,0,0,0,0
1600,0.083067063,49.61041335,0.286630992,147.7186814,0.491327041,0.491327041,0,0,0,0,0,0,0,0,59.9136632,63.25509365,74.62334256,63.31847069,0.505910385,0.505910385,0,0,0,0,0,0,0,0,0,0,0,0,0,0,0,0
1610,0.082851087,49.61050918,0.286520666,147.717998,0.491325842,0.491325842,0,0,0,0,0,0,0,0,59.91191834,63.25455432,74.62497055,63.31845188,0.505910876,0.505910876,0,0,0,0,0,0,0,0,0,0,0,0,0,0,0,0
1620,0.082760956,49.61035702,0.286397442,147.7173903,0.491324786,0.491324786,0,0,0,0,0,0,0,0,59.91014372,63.25379038,74.62659408,63.31863285,0.505910727,0.505910727,0,0,0,0,0,0,0,0,0,0,0,0,0,0,0,0
1630,0.082737649,49.6101241,0.286262952,147.7168541,0.491324002,0.491324002,0,0,0,0,0,0,0,0,59.90844539,63.25268023,74.62791797,63.31880237,0.505911102,0.505911102,0,0,0,0,0,0,0,0,0,0,0,0,0,0,0,0
1640,0.082678935,49.61010767,0.286070536,147.7162404,0.491323332,0.491323332,0,0,0,0,0,0,0,0,59.90663049,63.25149998,74.62872266,63.31896077,0.505910214,0.505910214,0,0,0,0,0,0,0,0,0,0,0,0,0,0,0,0
1650,0.082588193,49.61052951,0.285874292,147.7163778,0.491322492,0.491322492,0,0,0,0,0,0,0,0,59.90447559,63.25069426,74.62929207,63.31896384,0.505911181,0.505911181,0,0,0,0,0,0,0,0,0,0,0,0,0,0,0,0
1660,0.082613205,49.61105987,0.285868109,147.716669,0.491321914,0.491321914,0,0,0,0,0,0,0,0,59.90216398,63.25004019,74.6299822,63.31906635,0.505910201,0.505910201,0,0,0,0,0,0,0,0,0,0,0,0,0,0,0,0
1670,0.082743586,49.61163882,0.285986928,147.716569,0.49132144,0.49132144,0,0,0,0,0,0,0,0,59.90024883,63.24938231,74.63068323,63.31954819,0.505910769,0.505910769,0,0,0,0,0,0,0,0,0,0,0,0,0,0,0,0
1680,0.082824881,49.61201878,0.286074594,147.7166431,0.491320786,0.491320786,0,0,0,0,0,0,0,0,59.89870248,63.24853077,74.63129502,63.32027739,0.505911006,0.505911006,0,0,0,0,0,0,0,0,0,0,0,0,0,0,0,0
1690,0.082957516,49.61192679,0.286229916,147.7169237,0.491320385,0.491320385,0,0,0,0,0,0,0,0,59.89716091,63.24765073,74.63201587,63.3210845,0.505910941,0.505910941,0,0,0,0,0,0,0,0,0,0,0,0,0,0,0,0
1700,0.082991827,49.61150152,0.28630169,147.7177287,0.491320214,0.491320214,0,0,0,0,0,0,0,0,59.89553339,63.24703735,74.63292962,63.32195941,0.505911234,0.505911234,0,0,0,0,0,0,0,0,0,0,0,0,0,0,0,0
1710,0.082840029,49.61062969,0.286297056,147.7187674,0.491320255,0.491320255,0,0,0,0,0,0,0,0,59.89402677,63.24647658,74.6342083,63.32327819,0.505910429,0.505910429,0,0,0,0,0,0,0,0,0,0,0,0,0,0,0,0
1720,0.082663837,49.60920985,0.286367401,147.7200149,0.491320351,0.491320351,0,0,0,0,0,0,0,0,59.89268443,63.24586959,74.63557347,63.32451427,0.505910681,0.505910681,0,0,0,0,0,0,0,0,0,0,0,0,0,0,0,0
1730,0.082562501,49.60782641,0.286505784,147.7216405,0.491320221,0.491320221,0,0,0,0,0,0,0,0,59.89125611,63.24556021,74.63686747,63.32538094,0.505909051,0.505909051,0,0,0,0,0,0,0,0,0,0,0,0,0,0,0,0
1740,0.082529769,49.60667438,0.286753807,147.7229295,0.491320162,0.491320162,0,0,0,0,0,0,0,0,59.89023703,63.24595697,74.6382361,63.32595582,0.505908715,0.505908715,0,0,0,0,0,0,0,0,0,0,0,0,0,0,0,0
1750,0.082607867,49.60559316,0.287100748,147.7240513,0.491320304,0.491320304,0,0,0,0,0,0,0,0,59.88978761,63.24656182,74.63952274,63.32650351,0.50590703,0.50590703,0,0,0,0,0,0,0,0,0,0,0,0,0,0,0,0
1760,0.082593867,49.60448435,0.287536448,147.7251608,0.491320629,0.491320629,0,0,0,0,0,0,0,0,59.88942528,63.24696833,74.6407778,63.32707248,0.505905863,0.505905863,0,0,0,0,0,0,0,0,0,0,0,0,0,0,0,0
1770,0.082447815,49.60325838,0.288051299,147.7259657,0.49132112,0.49132112,0,0,0,0,0,0,0,0,59.88875817,63.24738529,74.64214371,63.32732122,0.505904222,0.505904222,0,0,0,0,0,0,0,0,0,0,0,0,0,0,0,0
1780,0.082182022,49.60193051,0.288443465,147.7266345,0.491321623,0.491321623,0,0,0,0,0,0,0,0,59.88776782,63.24795472,74.64326787,63.32766277,0.505902948,0.505902948,0,0,0,0,0,0,0,0,0,0,0,0,0,0,0,0
1790,0.081856369,49.60037045,0.288722298,147.7270801,0.491322134,0.491322134,0,0,0,0,0,0,0,0,59.88672782,63.24841984,74.64382997,63.32803932,0.505902169,0.505902169,0,0,0,0,0,0,0,0,0,0,0,0,0,0,0,0
1800,0.081670233,49.59865319,0.289041347,147.727417,0.49132265,0.49132265,0,0,0,0,0,0,0,0,59.88569488,63.24854713,74.64426328,63.32777159,0.505900898,0.505900898,0,0,0,0,0,0,0,0,0,0,0,0,0,0,0,0
1810,0.081563759,49.59728141,0.289443972,147.7278464,0.49132317,0.49132317,0,0,0,0,0,0,0,0,59.88481703,63.24831792,74.64496308,63.32677329,0.505900605,0.505900605,0,0,0,0,0,0,0,0,0,0,0,0,0,0,0,0
1820,0.081433902,49.5963744,0.289872965,147.7283101,0.49132369,0.49132369,0,0,0,0,0,0,0,0,59.88427673,63.24781296,74.64604751,63.32549884,0.505899625,0.505899625,0,0,0,0,0,0,0,0,0,0,0,0,0,0,0,0
1830,0.081283254,49.59541251,0.290324288,147.7285141,0.49132421,0.49132421,0,0,0,0,0,0,0,0,59.88394973,63.24696239,74.64723714,63.32450791,0.50590055,0.50590055,0,0,0,0,0,0,0,0,0,0,0,0,0,0,0,0
1840,0.081017869,49.59478997,0.290842368,147.7285771,0.491324726,0.491324726,0,0,0,0,0,0,0,0,59.88381836,63.24570387,74.648036,63.3240202,0.505899889,0.505899889,0,0,0,0,0,0,0,0,0,0,0,0,0,0,0,0
1850,0.0806008,49.59414172,0.291226457,147.7288968,0.491324962,0.491324962,0,0,0,0,0,0,0,0,59.88372119,63.24407863,74.64842747,63.32375196,0.505900314,0.505900314,0,0,0,0,0,0,0,0,0,0,0,0,0,0,0,0
1860,0.080095362,49.59347261,0.291438752,147.7293047,0.491325217,0.491325217,0,0,0,0,0,0,0,0,59.88346279,63.24260759,74.64863896,63.32368473,0.505899673,0.505899673,0,0,0,0,0,0,0,0,0,0,0,0,0,0,0,0
1870,0.07960779,49.59312448,0.291541873,147.7295021,0.491325488,0.491325488,0,0,0,0,0,0,0,0,59.8830585,63.24157203,74.64868564,63.32370454,0.505899326,0.505899326,0,0,0,0,0,0,0,0,0,0,0,0,0,0,0,0
1880,0.079042035,49.59215453,0.291545113,147.7293142,0.491325498,0.491325498,0,0,0,0,0,0,0,0,59.88223373,63.24088913,74.64877475,63.32389996,0.505898934,0.505898934,0,0,0,0,0,0,0,0,0,0,0,0,0,0,0,0
1890,0.078407278,49.59042905,0.291601913,147.7291133,0.491325682,0.491325682,0,0,0,0,0,0,0,0,59.88136644,63.24057846,74.64909492,63.32411003,0.505898343,0.505898343,0,0,0,0,0,0,0,0,0,0,0,0,0,0,0,0
1900,0.077904928,49.58840756,0.291610905,147.7290459,0.491326024,0.491326024,0,0,0,0,0,0,0,0,59.88094577,63.24055997,74.64938341,63.32447721,0.505898839,0.505898839,0,0,0,0,0,0,0,0,0,0,0,0,0,0,0,0
1910,0.077573395,49.5862207,0.291479915,147.7286185,0.49132596,0.49132596,0,0,0,0,0,0,0,0,59.88054815,63.24095235,74.64930453,63.32527524,0.505898109,0.505898109,0,0,0,0,0,0,0,0,0,0,0,0,0,0,0,0
1920,0.07739881,49.58427736,0.291270092,147.7281539,0.491325524,0.491325524,0,0,0,0,0,0,0,0,59.87993213,63.24171754,74.64922859,63.3263663,0.505898321,0.505898321,0,0,0,0,0,0,0,0,0,0,0,0,0,0,0,0
1930,0.077319723,49.58261175,0.290941076,147.7279465,0.491325165,0.491325165,0,0,0,0,0,0,0,0,59.87960149,63.24238565,74.64958937,63.32757547,0.505897018,0.505897018,0,0,0,0,0,0,0,0,0,0,0,0,0,0,0,0
1940,0.077231575,49.58072385,0.290504757,147.7276369,0.491325015,0.491325015,0,0,0,0,0,0,0,0,59.87953216,63.24272172,74.64962374,63.32835735,0.505896712,0.505896712,0,0,0,0,0,0,0,0,0,0,0,0,0,0,0,0
1950,0.077231904,49.57854448,0.290068778,147.7270907,0.491324917,0.491324917,0,0,0,0,0,0,0,0,59.87941205,63.24313946,74.6491678,63.32879503,0.505894629,0.505894629,0,0,0,0,0,0,0,0,0,0,0,0,0,0,0,0
1960,0.07716827,49.57644549,0.28963483,147.7267649,0.491324593,0.491324593,0,0,0,0,0,0,0,0,59.87934253,63.24382274,74.64879704,63.32915831,0.505892988,0.505892988,0,0,0,0,0,0,0,0,0,0,0,0,0,0,0,0
1970,0.077046606,49.57486176,0.289156253,147.726593,0.491324065,0.491324065,0,0,0,0,0,0,0,0,59.87912661,63.24421514,74.64826439,63.32906684,0.505891284,0.505891284,0,0,0,0,0,0,0,0,0,0,0,0,0,0,0,0
1980,0.07687255,49.5735128,0.288687095,147.7259837,0.491323352,0.491323352,0,0,0,0,0,0,0,0,59.87834441,63.24434097,74.64744176,63.32856138,0.505889844,0.505889844,0,0,0,0,0,0,0,0,0,0,0,0,0,0,0,0
1990,0.076651444,49.57252764,0.288324756,147.7255084,0.491322748,0.491322748,0,0,0,0,0,0,0,0,59.87724211,63.24451256,74.6467437,63.32825904,0.505888651,0.505888651,0,0,0,0,0,0,0,0,0,0,0,0,0,0,0,0
2000,0.076388341,49.57168508,0.288061176,147.7255908,0.491322247,0.491322247,0,0,0,0,0,0,0,0,59.87614166,63.24433963,74.64674022,63.32809476,0.505887055,0.505887055,0,0,0,0,0,0,0,0,0,0,0,0,0,0,0,0
2010,0.076136206,49.57049384,0.28788862,147.72594,0.491321841,0.491321841,0,0,0,0,0,0,0,0,59.8753364,63.24404626,74.64717684,63.32781595,0.505886521,0.505886521,0,0,0,0,0,0,0,0,0,0,0,0,0,0,0,0
2020,0.076039637,49.56942335,0.28779968,147.726531,0.491321523,0.491321523,0,0,0,0,0,0,0,0,59.87518883,63.24383706,74.64748261,63.32757848,0.50588506,0.50588506,0,0,0,0,0,0,0,0,0,0,0,0,0,0,0,0
2030,0.076085193,49.56856348,0.287787279,147.7272435,0.491321287,0.491321287,0,0,0,0,0,0,0,0,59.87564107,63.24370539,74.64761976,63.32742781,0.505885131,0.505885131,0,0,0,0,0,0,0,0,0,0,0,0,0,0,0,0
2040,0.076067292,49.5680917,0.287844663,147.7277748,0.491321401,0.491321401,0,0,0,0,0,0,0,0,59.87610794,63.24345211,74.64789188,63.32735681,0.505884385,0.505884385,0,0,0,0,0,0,0,0,0,0,0,0,0,0,0,0
2050,0.075991646,49.56797537,0.287869019,147.7285727,0.491321835,0.491321835,0,0,0,0,0,0,0,0,59.87629712,63.24313722,74.64857507,63.32731049,0.505884794,0.505884794,0,0,0,0,0,0,0,0,0,0,0,0,0,0,0,0
2060,0.076056454,49.5679906,0.287814994,147.7296102,0.491322282,0.491322282,0,0,0,0,0,0,0,0,59.87632894,63.24276742,74.64972648,63.32743142,0.505884515,0.505884515,0,0,0,0,0,0,0,0,0,0,0,0,0,0,0,0
2070,0.07624898,49.56793287,0.287834343,147.7305247,0.491322464,0.491322464,0,0,0,0,0,0,0,0,59.87612086,63.24234907,74.65096263,63.32736691,0.505885191,0.505885191,0,0,0,0,0,0,0,0,0,0,0,0,0,0,0,0
2080,0.076412538,49.56747154,0.287968665,147.7315162,0.491322681,0.491322681,0,0,0,0,0,0,0,0,59.87569502,63.24227368,74.65207831,63.32674816,0.505885785,0.505885785,0,0,0,0,0,0,0,0,0,0,0,0,0,0,0,0
2090,0.076500862,49.56688526,0.288207211,147.7322367,0.491323202,0.491323202,0,0,0,0,0,0,0,0,59.87497606,63.24241467,74.65279069,63.32553046,0.505886462,0.505886462,0,0,0,0,0,0,0,0,0,0,0,0,0,0,0,0
2100,0.07652029,49.56628383,0.28853978,147.7330928,0.491323861,0.491323861,0,0,0,0,0,0,0,0,59.87404107,63.24294503,74.65318097,63.324061,0.505887527,0.505887527,0,0,0,0,0,0,0,0,0,0,0,0,0,0,0,0
2110,0.076525058,49.5654782,0.28890851,147.7343584,0.491324506,0.491324506,0,0,0,0,0,0,0,0,59.8731539,63.24349073,74.65342081,63.32256073,0.505887835,0.505887835,0,0,0,0,0,0,0,0,0,0,0,0,0,0,0,0
2120,0.076516451,49.56482704,0.289212348,147.7356066,0.491325135,0.491325135,0,0,0,0,0,0,0,0,59.87279572,63.24375909,74.65328167,63.3210865,0.505888559,0.505888559,0,0,0,0,0,0,0,0,0,0,0,0,0,0,0,0
2130,0.076495691,49.56441559,0.289552245,147.7368338,0.491325747,0.491325747,0,0,0,0,0,0,0,0,59.87306553,63.24396647,74.65246043,63.31993097,0.505888235,0.505888235,0,0,0,0,0,0,0,0,0,0,0,0,0,0,0,0
2140,0.076415748,49.5640314,0.289779076,147.7374589,0.491326067,0.491326067,0,0,0,0,0,0,0,0,59.87371369,63.24435842,74.65140648,63.318974,0.505889014,0.505889014,0,0,0,0,0,0,0,0,0,0,0,0,0,0,0,0
2150,0.076234003,49.56386633,0.289853802,147.7373883,0.491326394,0.491326394,0,0,0,0,0,0,0,0,59.87475221,63.24506159,74.65101212,63.31820173,0.505888582,0.505888582,0,0,0,0,0,0,0,0,0,0,0,0,0,0,0,0
2160,0.075960219,49.5636606,0.289886027,147.737407,0.491326864,0.491326864,0,0,0,0,0,0,0,0,59.87566037,63.24570818,74.6513649,63.31731163,0.50588926,0.50588926,0,0,0,0,0,0,0,0,0,0,0,0,0,0,0,0
2170,0.075700041,49.5630331,0.289783015,147.7375069,0.491326912,0.491326912,0,0,0,0,0,0,0,0,59.87620522,63.24630068,74.65191509,63.31598033,0.505888734,0.505888734,0,0,0,0,0,0,0,0,0,0,0,0,0,0,0,0
2180,0.075549673,49.56221655,0.289605383,147.7376806,0.491326713,0.491326713,0,0,0,0,0,0,0,0,59.87704338,63.24688974,74.65230563,63.3149752,0.505888378,0.505888378,0,0,0,0,0,0,0,0,0,0,0,0,0,0,0,0
2190,0.075355373,49.56132735,0.289505041,147.7377278,0.491326702,0.491326702,0,0,0,0,0,0,0,0,59.87824188,63.24776251,74.65250097,63.31451218,0.505887389,0.505887389,0,0,0,0,0,0,0,0,0,0,0,0,0,0,0,0
2200,0.075025426,49.56032729,0.289330939,147.7375152,0.491326725,0.491326725,0,0,0,0,0,0,0,0,59.879523,63.24889032,74.65222854,63.31411119,0.505886773,0.505886773,0,0,0,0,0,0,0,0,0,0,0,0,0,0,0,0
2210,0.074669573,49.55908557,0.289138511,147.7368739,0.491326916,0.491326916,0,0,0,0,0,0,0,0,59.88121169,63.24981233,74.65119361,63.31347915,0.505886186,0.505886186,0,0,0,0,0,0,0,0,0,0,0,0,0,0,0,0
2220,0.074484293,49.55782136,0.289026531,147.7357481,0.491327123,0.491327123,0,0,0,0,0,0,0,0,59.88312048,63.25059137,74.64961261,63.31307281,0.505885783,0.505885783,0,0,0,0,0,0,0,0,0,0,0,0,0,0,0,0
2230,0.074406967,49.55683078,0.288988293,147.7347637,0.491327068,0.491327068,0,0,0,0,0,0,0,0,59.88493314,63.25133347,74.64807043,63.31272916,0.50588571,0.50588571,0,0,0,0,0,0,0,0,0,0,0,0,0,0,0,0
2240,0.074428308,49.55590068,0.288921009,147.73396,0.491327049,0.491327049,0,0,0,0,0,0,0,0,59.88616911,63.25189439,74.64685886,63.31172107,0.50588483,0.50588483,0,0,0,0,0,0,0,0,0,0,0,0,0,0,0,0
2250,0.074539466,49.55478838,0.288779333,147.7331316,0.491327063,0.491327063,0,0,0,0,0,0,0,0,59.88692295,63.25233621,74.64576053,63.31035254,0.505884482,0.505884482,0,0,0,0,0,0,0,0,0,0,0,0,0,0,0,0
2260,0.074732019,49.55390001,0.288715014,147.7322356,0.491327246,0.491327246,0,0,0,0,0,0,0,0,59.88786104,63.25271596,74.64452875,63.30919112,0.5058832,0.5058832,0,0,0,0,0,0,0,0,0,0,0,0,0,0,0,0
2270,0.074997975,49.55346014,0.288721431,147.7313298,0.49132758,0.49132758,0,0,0,0,0,0,0,0,59.88896329,63.25323044,74.64327664,63.30822298,0.505882966,0.505882966,0,0,0,0,0,0,0,0,0,0,0,0,0,0,0,0
2280,0.075377955,49.55343065,0.288695888,147.7306597,0.491327915,0.491327915,0,0,0,0,0,0,0,0,59.89001801,63.25391383,74.64230009,63.30714563,0.505881951,0.505881951,0,0,0,0,0,0,0,0,0,0,0,0,0,0,0,0
2290,0.075860327,49.55353423,0.288737712,147.7301586,0.491328248,0.491328248,0,0,0,0,0,0,0,0,59.89126621,63.25455565,74.6414821,63.30626217,0.505882282,0.505882282,0,0,0,0,0,0,0,0,0,0,0,0,0,0,0,0
2300,0.076385895,49.55366227,0.288888943,147.7297655,0.491328716,0.491328716,0,0,0,0,0,0,0,0,59.89278215,63.25530164,74.6407636,63.30555887,0.505881785,0.505881785,0,0,0,0,0,0,0,0,0,0,0,0,0,0,0,0
2310,0.07685236,49.55386027,0.288994686,147.7295686,0.491329305,0.491329305,0,0,0,0,0,0,0,0,59.89443969,63.25623599,74.63994583,63.30473333,0.505881798,0.505881798,0,0,0,0,0,0,0,0,0,0,0,0,0,0,0,0
2320,0.077359518,49.5536875,0.289010371,147.729744,0.491330001,0.491330001,0,0,0,0,0,0,0,0,59.89626788,63.25724188,74.6386071,63.30408883,0.50588117,0.50588117,0,0,0,0,0,0,0,0,0,0,0,0,0,0,0,0
2330,0.077949945,49.5531776,0.288943939,147.7298724,0.491330794,0.491330794,0,0,0,0,0,0,0,0,59.89805157,63.25835718,74.63718452,63.30370822,0.505880752,0.505880752,0,0,0,0,0,0,0,0,0,0,0,0,0,0,0,0
2340,0.078565716,49.55279625,0.288851141,147.7297648,0.49133167,0.49133167,0,0,0,0,0,0,0,0,59.8996431,63.25956777,74.6360767,63.30328039,0.505879735,0.505879735,0,0,0,0,0,0,0,0,0,0,0,0,0,0,0,0
2350,0.07920215,49.55277453,0.288879266,147.7294425,0.49133262,0.49133262,0,0,0,0,0,0,0,0,59.90129422,63.26033027,74.63458536,63.3030522,0.505879283,0.505879283,0,0,0,0,0,0,0,0,0,0,0,0,0,0,0,0
2360,0.079854898,49.55322512,0.289017458,147.7291186,0.491333632,0.491333632,0,0,0,0,0,0,0,0,59.90280035,63.26068149,74.63275045,63.30315137,0.505879347,0.505879347,0,0,0,0,0,0,0,0,0,0,0,0,0,0,0,0
2370,0.080519932,49.55415248,0.289303583,147.7291801,0.491334698,0.491334698,0,0,0,0,0,0,0,0,59.904313,63.26094575,74.63080252,63.30301832,0.505878935,0.505878935,0,0,0,0,0,0,0,0,0,0,0,0,0,0,0,0
2380,0.081048958,49.55522142,0.289675175,147.7293516,0.49133567,0.49133567,0,0,0,0,0,0,0,0,59.90582562,63.26084058,74.62866293,63.30257781,0.505878878,0.505878878,0,0,0,0,0,0,0,0,0,0,0,0,0,0,0,0
2390,0.08159655,49.55627057,0.289930399,147.7290925,0.491336553,0.491336553,0,0,0,0,0,0,0,0,59.90709129,63.26097753,74.62650171,63.30195529,0.505878673,0.505878673,0,0,0,0,0,0,0,0,0,0,0,0,0,0,0,0
2400,0.082255283,49.55729754,0.290126783,147.728683,0.491337078,0.491337078,0,0,0,0,0,0,0,0,59.9083679,63.26143093,74.62447391,63.30131397,0.505879123,0.505879123,0,0,0,0,0,0,0,0,0,0,0,0,0,0,0,0
2410,0.082964489,49.55830024,0.290365164,147.7285718,0.491337272,0.491337272,0,0,0,0,0,0,0,0,59.90960126,63.26173714,74.62272026,63.30046528,0.505878588,0.505878588,0,0,0,0,0,0,0,0,0,0,0,0,0,0,0,0
2420,0.083668688,49.55927689,0.29064087,147.7285883,0.491337579,0.491337579,0,0,0,0,0,0,0,0,59.91050118,63.26200441,74.62107873,63.29919003,0.505879054,0.505879054,0,0,0,0,0,0,0,0,0,0,0,0,0,0,0,0
2430,0.084365546,49.56061147,0.290853109,147.7284802,0.491337848,0.491337848,0,0,0,0,0,0,0,0,59.91109374,63.26189779,74.61949766,63.29801309,0.505878375,0.505878375,0,0,0,0,0,0,0,0,0,0,0,0,0,0,0,0
2440,0.084908386,49.56226691,0.290958492,147.7283071,0.491338082,0.491338082,0,0,0,0,0,0,0,0,59.91140391,63.2610654,74.61831527,63.29707495,0.505878869,0.505878869,0,0,0,0,0,0,0,0,0,0,0,0,0,0,0,0
2450,0.085260557,49.56425637,0.291014289,147.7276417,0.491338009,0.491338009,0,0,0,0,0,0,0,0,59.91140736,63.25952681,74.6174526,63.29635809,0.505878217,0.505878217,0,0,0,0,0,0,0,0,0,0,0,0,0,0,0,0
2460,0.085533997,49.56649411,0.291121072,147.7261448,0.491337655,0.491337655,0,0,0,0,0,0,0,0,59.91113134,63.25744723,74.61654729,63.29599026,0.505878104,0.505878104,0,0,0,0,0,0,0,0,0,0,0,0,0,0,0,0
2470,0.085831008,49.56856369,0.29112931,147.7243301,0.491337323,0.491337323,0,0,0,0,0,0,0,0,59.9110355,63.25555765,74.61565491,63.29594189,0.505877376,0.505877376,0,0,0,0,0,0,0,0,0,0,0,0,0,0,0,0
2480,0.086148324,49.5704237,0.290999535,147.7229076,0.491337011,0.491337011,0,0,0,0,0,0,0,0,59.91081506,63.25423418,74.61482603,63.29608841,0.505877196,0.505877196,0,0,0,0,0,0,0,0,0,0,0,0,0,0,0,0
2490,0.086482887,49.57208542,0.290792715,147.7217998,0.49133672,0.49133672,0,0,0,0,0,0,0,0,59.91024099,63.25294982,74.61425103,63.29631554,0.505877518,0.505877518,0,0,0,0,0,0,0,0,0,0,0,0,0,0,0,0
2500,0.086735458,49.57365628,0.290516512,147.7206459,0.491336172,0.491336172,0,0,0,0,0,0,0,0,59.90944337,63.25146519,74.61400603,63.29647063,0.505878136,0.505878136,0,0,0,0,0,0,0,0,0,0,0,0,0,0,0,0
2510,0.08681594,49.57508996,0.290226376,147.7195026,0.491335394,0.491335394,0,0,0,0,0,0,0,0,59.90810786,63.25028589,74.61435182,63.29651128,0.505879022,0.505879022,0,0,0,0,0,0,0,0,0,0,0,0,0,0,0,0
2520,0.086835692,49.57668217,0.289924689,147.7179881,0.491334409,0.491334409,0,0,0,0,0,0,0,0,59.90672127,63.24972679,74.61542731,63.29630293,0.505879043,0.505879043,0,0,0,0,0,0,0,0,0,0,0,0,0,0,0,0
2530,0.08708919,49.57855709,0.289565477,147.7161412,0.491333239,0.491333239,0,0,0,0,0,0,0,0,59.90587191,63.24930125,74.61668148,63.29601309,0.505879698,0.505879698,0,0,0,0,0,0,0,0,0,0,0,0,0,0,0,0
2540,0.087361892,49.58015209,0.289155268,147.7144808,0.491332181,0.491332181,0,0,0,0,0,0,0,0,59.90503349,63.24856534,74.61804533,63.29627666,0.505879821,0.505879821,0,0,0,0,0,0,0,0,0,0,0,0,0,0,0,0
2550,0.087458243,49.58163032,0.288748407,147.7129967,0.491331365,0.491331365,0,0,0,0,0,0,0,0,59.9044011,63.24754956,74.6195519,63.29680247,0.50588104,0.50588104,0,0,0,0,0,0,0,0,0,0,0,0,0,0,0,0
2560,0.087489918,49.5830927,0.288490782,147.7117756,0.491330774,0.491330774,0,0,0,0,0,0,0,0,59.90439268,63.24637916,74.62103799,63.29751693,0.505881514,0.505881514,0,0,0,0,0,0,0,0,0,0,0,0,0,0,0,0
2570,0.087558926,49.58443849,0.288370147,147.710799,0.491330252,0.491330252,0,0,0,0,0,0,0,0,59.90451908,63.24540986,74.62254775,63.29849686,0.505882571,0.505882571,0,0,0,0,0,0,0,0,0,0,0,0,0,0,0,0
2580,0.087565291,49.58562454,0.288182036,147.709567,0.491329521,0.491329521,0,0,0,0,0,0,0,0,59.90438227,63.24482038,74.62402492,63.29961841,0.50588226,0.50588226,0,0,0,0,0,0,0,0,0,0,0,0,0,0,0,0
2590,0.087418167,49.58670856,0.28798138,147.7081554,0.491328877,0.491328877,0,0,0,0,0,0,0,0,59.90390979,63.24414556,74.62537018,63.30096095,0.505882599,0.505882599,0,0,0,0,0,0,0,0,0,0,0,0,0,0,0,0
2600,0.087179968,49.58769533,0.287770085,147.7071159,0.491328039,0.491328039,0,0,0,0,0,0,0,0,59.90337431,63.24358843,74.62668632,63.30264413,0.505881949,0.505881949,0,0,0,0,0,0,0,0,0,0,0,0,0,0,0,0
2610,0.086859727,49.5885414,0.287549931,147.7067086,0.491327304,0.491327304,0,0,0,0,0,0,0,0,59.90283173,63.24338169,74.62772978,63.30434187,0.505881981,0.505881981,0,0,0,0,0,0,0,0,0,0,0,0,0,0,0,0
2620,0.08651419,49.58964148,0.28741896,147.7068789,0.491326939,0.491326939,0,0,0,0,0,0,0,0,59.90252579,63.24310947,74.62852065,63.30599799,0.505882002,0.505882002,0,0,0,0,0,0,0,0,0,0,0,0,0,0,0,0
2630,0.086291549,49.59120962,0.287369765,147.7072376,0.491326914,0.491326914,0,0,0,0,0,0,0,0,59.90253304,63.24244133,74.62941562,63.30760964,0.505882013,0.505882013,0,0,0,0,0,0,0,0,0,0,0,0,0,0,0,0
2640,0.086037183,49.5928125,0.287250695,147.7076219,0.491327061,0.491327061,0,0,0,0,0,0,0,0,59.90268107,63.24151146,74.63054648,63.30902984,0.505881857,0.505881857,0,0,0,0,0,0,0,0,0,0,0,0,0,0,0,0
2650,0.085610337,49.59410335,0.287020236,147.7079798,0.491327364,0.491327364,0,0,0,0,0,0,0,0,59.90261941,63.24078054,74.63188781,63.3102218,0.505881232,0.505881232,0,0,0,0,0,0,0,0,0,0,0,0,0,0,0,0
2660,0.085028023,49.59462287,0.286737388,147.7083604,0.491327808,0.491327808,0,0,0,0,0,0,0,0,59.90231876,63.24013737,74.63322283,63.31120109,0.505881132,0.505881132,0,0,0,0,0,0,0,0,0,0,0,0,0,0,0,0
2670,0.084450931,49.59438935,0.286456116,147.7092904,0.491328242,0.491328242,0,0,0,0,0,0,0,0,59.90218708,63.2395767,74.63435407,63.31198274,0.505880404,0.505880404,0,0,0,0,0,0,0,0,0,0,0,0,0,0,0,0
2680,0.083880877,49.59448269,0.286177391,147.7105726,0.491328801,0.491328801,0,0,0,0,0,0,0,0,59.90225807,63.23962354,74.63534336,63.31272582,0.505880371,0.505880371,0,0,0,0,0,0,0,0,0,0,0,0,0,0,0,0
2690,0.083415872,49.59506624,0.285853893,147.7116406,0.49132961,0.49132961,0,0,0,0,0,0,0,0,59.90265802,63.24056108,74.63586205,63.31333442,0.505879074,0.505879074,0,0,0,0,0,0,0,0,0,0,0,0,0,0,0,0
2700,0.083048416,49.59532305,0.285490878,147.7125092,0.491330369,0.491330369,0,0,0,0,0,0,0,0,59.90287419,63.24187272,74.63628727,63.31352894,0.505878845,0.505878845,0,0,0,0,0,0,0,0,0,0,0,0,0,0,0,0
2710,0.082674907,49.59523295,0.285045098,147.7131927,0.49133108,0.49133108,0,0,0,0,0,0,0,0,59.90272929,63.24327908,74.63652926,63.31387552,0.505877691,0.505877691,0,0,0,0,0,0,0,0,0,0,0,0,0,0,0,0
2720,0.082297357,49.5950199,0.284622052,147.7137048,0.491332017,0.491332017,0,0,0,0,0,0,0,0,59.90273789,63.24500716,74.6361696,63.31411833,0.505877913,0.505877913,0,0,0,0,0,0,0,0,0,0,0,0,0,0,0,0
2730,0.081917615,49.59479204,0.284317778,147.7141552,0.491333021,0.491333021,0,0,0,0,0,0,0,0,59.90307911,63.24687697,74.63588969,63.31416923,0.505877333,0.505877333,0,0,0,0,0,0,0,0,0,0,0,0,0,0,0,0
2740,0.081537377,49.59459978,0.284122921,147.7144029,0.491334082,0.491334082,0,0,0,0,0,0,0,0,59.90367384,63.24857938,74.63582812,63.31447881,0.505877447,0.505877447,0,0,0,0,0,0,0,0,0,0,0,0,0,0,0,0
2750,0.081254571,49.59429614,0.284028528,147.7141759,0.491335327,0.491335327,0,0,0,0,0,0,0,0,59.90396708,63.25055628,74.63548381,63.31483011,0.505877719,0.505877719,0,0,0,0,0,0,0,0,0,0,0,0,0,0,0,0
2760,0.081061659,49.59374763,0.283929661,147.713469,0.491336598,0.491336598,0,0,0,0,0,0,0,0,59.90369532,63.25277547,74.63497962,63.31507343,0.505877817,0.505877817,0,0,0,0,0,0,0,0,0,0,0,0,0,0,0,0
2770,0.080806834,49.59317096,0.283730719,147.7124722,0.49133775,0.49133775,0,0,0,0,0,0,0,0,59.9031026,63.25477293,74.6346691,63.31545838,0.505878546,0.505878546,0,0,0,0,0,0,0,0,0,0,0,0,0,0,0,0
2780,0.080544796,49.59237813,0.283441383,147.7115044,0.491338514,0.491338514,0,0,0,0,0,0,0,0,59.90221977,63.25627131,74.63482543,63.31553713,0.505878268,0.505878268,0,0,0,0,0,0,0,0,0,0,0,0,0,0,0,0
2790,0.080277223,49.59129509,0.283167211,147.710615,0.491339197,0.491339197,0,0,0,0,0,0,0,0,59.90126889,63.25721267,74.63521373,63.31528837,0.50587897,0.50587897,0,0,0,0,0,0,0,0,0,0,0,0,0,0,0,0
2800,0.08000566,49.59014467,0.283052517,147.7099934,0.491340215,0.491340215,0,0,0,0,0,0,0,0,59.90054889,63.25769097,74.63561909,63.31556147,0.505878348,0.505878348,0,0,0,0,0,0,0,0,0,0,0,0,0,0,0,0
2810,0.079876115,49.58874464,0.283083583,147.7097627,0.491341535,0.491341535,0,0,0,0,0,0,0,0,59.90009031,63.25808282,74.63627936,63.31601982,0.505879368,0.505879368,0,0,0,0,0,0,0,0,0,0,0,0,0,0,0,0
2820,0.079876478,49.58721908,0.283054564,147.7094555,0.491342849,0.491342849,0,0,0,0,0,0,0,0,59.89967895,63.25863532,74.6369765,63.31616322,0.50587951,0.50587951,0,0,0,0,0,0,0,0,0,0,0,0,0,0,0,0
2830,0.079947013,49.58548879,0.282970912,147.7090315,0.491344154,0.491344154,0,0,0,0,0,0,0,0,59.89916767,63.25909105,74.63736714,63.31616367,0.505880905,0.505880905,0,0,0,0,0,0,0,0,0,0,0,0,0,0,0,0
2840,0.080081205,49.5835306,0.282982392,147.7088883,0.491345307,0.491345307,0,0,0,0,0,0,0,0,59.89856735,63.25950501,74.6372842,63.31603387,0.505882171,0.505882171,0,0,0,0,0,0,0,0,0,0,0,0,0,0,0,0
2850,0.080321062,49.58161344,0.283080504,147.7086642,0.491346317,0.491346317,0,0,0,0,0,0,0,0,59.89769552,63.26012023,74.63730021,63.31568953,0.505883317,0.505883317,0,0,0,0,0,0,0,0,0,0,0,0,0,0,0,0
2860,0.080608053,49.57964487,0.283160778,147.7079336,0.49134733,0.49134733,0,0,0,0,0,0,0,0,59.89691708,63.26115737,74.63788824,63.31548841,0.505885295,0.505885295,0,0,0,0,0,0,0,0,0,0,0,0,0,0,0,0
2870,0.080936859,49.57807095,0.283320867,147.7071298,0.491348205,0.491348205,0,0,0,0,0,0,0,0,59.8963232,63.26238207,74.63827225,63.31570773,0.505886128,0.505886128,0,0,0,0,0,0,0,0,0,0,0,0,0,0,0,0
2880,0.081350657,49.57695922,0.283601241,147.7069854,0.491349088,0.491349088,0,0,0,0,0,0,0,0,59.89556248,63.26353187,74.63842066,63.31630928,0.505888285,0.505888285,0,0,0,0,0,0,0,0,0,0,0,0,0,0,0,0
2890,0.081840264,49.57608023,0.283990103,147.7075389,0.491350112,0.491350112,0,0,0,0,0,0,0,0,59.89474912,63.26456068,74.6384502,63.31701576,0.505888953,0.505888953,0,0,0,0,0,0,0,0,0,0,0,0,0,0,0,0
2900,0.08225243,49.57536856,0.284331701,147.7081958,0.491350986,0.491350986,0,0,0,0,0,0,0,0,59.89403559,63.26533062,74.63817856,63.31752588,0.505890474,0.505890474,0,0,0,0,0,0,0,0,0,0,0,0,0,0,0,0
2910,0.082592409,49.5746676,0.284628886,147.7087034,0.491351444,0.491351444,0,0,0,0,0,0,0,0,59.89336766,63.26586166,74.63734439,63.3177587,0.505890395,0.505890395,0,0,0,0,0,0,0,0,0,0,0,0,0,0,0,0
2920,0.08296166,49.57373817,0.284980816,147.7090731,0.491352072,0.491352072,0,0,0,0,0,0,0,0,59.89293667,63.26655846,74.63619377,63.31783433,0.505890757,0.505890757,0,0,0,0,0,0,0,0,0,0,0,0,0,0,0,0
2930,0.083356125,49.57284523,0.285381238,147.7092673,0.491352852,0.491352852,0,0,0,0,0,0,0,0,59.89325339,63.26745174,74.63495211,63.31805559,0.505891359,0.505891359,0,0,0,0,0,0,0,0,0,0,0,0,0,0,0,0
2940,0.083772004,49.5723264,0.285727876,147.7096865,0.49135363,0.49135363,0,0,0,0,0,0,0,0,59.89439471,63.26818316,74.63343964,63.31845686,0.505891705,0.505891705,0,0,0,0,0,0,0,0,0,0,0,0,0,0,0,0
2950,0.084205754,49.57195772,0.286120526,147.7105018,0.491354266,0.491354266,0,0,0,0,0,0,0,0,59.89580093,63.26866784,74.63187916,63.31863502,0.505893079,0.505893079,0,0,0,0,0,0,0,0,0,0,0,0,0,0,0,0
2960,0.084702267,49.57153453,0.286457165,147.7112892,0.491354769,0.491354769,0,0,0,0,0,0,0,0,59.89725018,63.26868482,74.63018472,63.31832003,0.505893648,0.505893648,0,0,0,0,0,0,0,0,0,0,0,0,0,0,0,0
2970,0.085205813,49.57082238,0.286837825,147.7118554,0.491354875,0.491354875,0,0,0,0,0,0,0,0,59.8982028,63.26827559,74.6284713,63.31746057,0.505895376,0.505895376,0,0,0,0,0,0,0,0,0,0,0,0,0,0,0,0
2980,0.085617393,49.57013892,0.287305286,147.7123141,0.491354481,0.491354481,0,0,0,0,0,0,0,0,59.89865096,63.26767241,74.62679553,63.31615661,0.505894676,0.505894676,0,0,0,0,0,0,0,0,0,0,0,0,0,0,0,0
2990,0.085943555,49.5694361,0.287849989,147.712673,0.491354045,0.491354045,0,0,0,0,0,0,0,0,59.8988305,63.26699128,74.62516069,63.31469376,0.505894613,0.505894613,0,0,0,0,0,0,0,0,0,0,0,0,0,0,0,0
3000,0.086190601,49.56881479,0.288414727,147.7128433,0.491353848,0.491353848,0,0,0,0,0,0,0,0,59.89910191,63.26653098,74.62361778,63.3131401,0.505893391,0.505893391,0,0,0,0,0,0,0,0,0,0,0,0,0,0,0,0
3010,0.086557357,49.56865577,0.288995491,147.7131784,0.491353732,0.491353732,0,0,0,0,0,0,0,0,59.89979332,63.26588816,74.62216474,63.311799,0.50589254,0.50589254,0,0,0,0,0,0,0,0,0,0,0,0,0,0,0,0
3020,0.087079931,49.56882218,0.289492178,147.7137587,0.491353828,0.491353828,0,0,0,0,0,0,0,0,59.90043094,63.26455144,74.62094389,63.31046408,0.505891715,0.505891715,0,0,0,0,0,0,0,0,0,0,0,0,0,0,0,0
3030,0.087597835,49.56875433,0.289910297,147.714271,0.491354116,0.491354116,0,0,0,0,0,0,0,0,59.90067968,63.26292512,74.62013218,63.30918826,0.505890127,0.505890127,0,0,0,0,0,0,0,0,0,0,0,0,0,0,0,0
3040,0.087964862,49.56852151,0.290351566,147.7150565,0.491354303,0.491354303,0,0,0,0,0,0,0,0,59.90076589,63.26147509,74.6195037,63.30826049,0.505890378,0.505890378,0,0,0,0,0,0,0,0,0,0,0,0,0,0,0,0
3050,0.088144776,49.56828386,0.290715799,147.7163772,0.491353985,0.491353985,0,0,0,0,0,0,0,0,59.90108921,63.26067333,74.61856272,63.30721977,0.505889459,0.505889459,0,0,0,0,0,0,0,0,0,0,0,0,0,0,0,0
3060,0.088105301,49.56833191,0.29110479,147.717602,0.491353208,0.491353208,0,0,0,0,0,0,0,0,59.90167549,63.26089915,74.61762988,63.30583927,0.505890006,0.505890006,0,0,0,0,0,0,0,0,0,0,0,0,0,0,0,0
3070,0.087914279,49.56902563,0.291514803,147.7186862,0.491352429,0.491352429,0,0,0,0,0,0,0,0,59.90245085,63.26133744,74.61690091,63.30425102,0.505889042,0.505889042,0,0,0,0,0,0,0,0,0,0,0,0,0,0,0,0
3080,0.087682316,49.56991937,0.291797773,147.7197828,0.491351788,0.491351788,0,0,0,0,0,0,0,0,59.90315448,63.26124471,74.61616779,63.30233518,0.505889392,0.505889392,0,0,0,0,0,0,0,0,0,0,0,0,0,0,0,0
3090,0.087510353,49.57070266,0.291867485,147.7208862,0.491351275,0.491351275,0,0,0,0,0,0,0,0,59.90369357,63.26081309,74.61553019,63.29988745,0.50588999,0.50588999,0,0,0,0,0,0,0,0,0,0,0,0,0,0,0,0
3100,0.087393735,49.5715268,0.291839,147.7217988,0.491351019,0.491351019,0,0,0,0,0,0,0,0,59.90417701,63.26045993,74.61483754,63.29701295,0.505890969,0.505890969,0,0,0,0,0,0,0,0,0,0,0,0,0,0,0,0
3110,0.087087043,49.57228853,0.291913927,147.7224857,0.491350861,0.491350861,0,0,0,0,0,0,0,0,59.90475242,63.26027604,74.61438664,63.29424288,0.505892765,0.505892765,0,0,0,0,0,0,0,0,0,0,0,0,0,0,0,0
3120,0.086608375,49.57274942,0.291938203,147.722916,0.491350791,0.491350791,0,0,0,0,0,0,0,0,59.90550573,63.26015073,74.61439874,63.29172348,0.505893245,0.505893245,0,0,0,0,0,0,0,0,0,0,0,0,0,0,0,0
3130,0.086119481,49.57293438,0.29186804,147.7233037,0.491350803,0.491350803,0,0,0,0,0,0,0,0,59.90646635,63.26003109,74.6145917,63.28920145,0.505894894,0.505894894,0,0,0,0,0,0,0,0,0,0,0,0,0,0,0,0
3140,0.08576778,49.57301178,0.291904877,147.7238438,0.49135089,0.49135089,0,0,0,0,0,0,0,0,59.9074675,63.25991708,74.61465951,63.28663879,0.505894915,0.505894915,0,0,0,0,0,0,0,0,0,0,0,0,0,0,0,0
3150,0.085494275,49.57303907,0.292039063,147.7242795,0.491351044,0.491351044,0,0,0,0,0,0,0,0,59.90787511,63.26019421,74.61451666,63.28419381,0.505896613,0.505896613,0,0,0,0,0,0,0,0,0,0,0,0,0,0,0,0
3160,0.085293099,49.57302058,0.292213224,147.7248595,0.491351259,0.491351259,0,0,0,0,0,0,0,0,59.9077885,63.26039288,74.61442339,63.28210666,0.505897304,0.505897304,0,0,0,0,0,0,0,0,0,0,0,0,0,0,0,0
3170,0.085158618,49.57300866,0.292326734,147.7255205,0.49135139,0.49135139,0,0,0,0,0,0,0,0,59.9075411,63.26056748,74.61456842,63.28011283,0.505898339,0.505898339,0,0,0,0,0,0,0,0,0,0,0,0,0,0,0,0
3180,0.084989052,49.57295457,0.292336342,147.7259152,0.491351171,0.491351171,0,0,0,0,0,0,0,0,59.90714816,63.26100861,74.61512279,63.2781637,0.505899051,0.505899051,0,0,0,0,0,0,0,0,0,0,0,0,0,0,0,0
3190,0.084884572,49.57286227,0.292299435,147.726114,0.491350907,0.491350907,0,0,0,0,0,0,0,0,59.90657598,63.26130531,74.61585517,63.27660035,0.505899625,0.505899625,0,0,0,0,0,0,0,0,0,0,0,0,0,0,0,0
3200,0.084743423,49.57288011,0.292316679,147.7263745,0.491350605,0.491350605,0,0,0,0,0,0,0,0,59.90589093,63.26118008,74.61645767,63.27549105,0.505901333,0.505901333,0,0,0,0,0,0,0,0,0,0,0,0,0,0,0,0
3210,0.08456942,49.57333557,0.292431385,147.7265455,0.491350543,0.491350543,0,0,0,0,0,0,0,0,59.90539491,63.26100825,74.61718045,63.27489622,0.505902016,0.505902016,0,0,0,0,0,0,0,0,0,0,0,0,0,0,0,0
3220,0.08436617,49.57413978,0.292682634,147.7268271,0.4913507,0.4913507,0,0,0,0,0,0,0,0,59.90512126,63.26089103,74.61844368,63.27433877,0.505903656,0.505903656,0,0,0,0,0,0,0,0,0,0,0,0,0,0,0,0
3230,0.084137072,49.57554773,0.293009109,147.7273049,0.491350507,0.491350507,0,0,0,0,0,0,0,0,59.90476216,63.26063126,74.619857,63.27367298,0.505904109,0.505904109,0,0,0,0,0,0,0,0,0,0,0,0,0,0,0,0
3240,0.083837137,49.57754841,0.293258257,147.7278148,0.491349995,0.491349995,0,0,0,0,0,0,0,0,59.90427843,63.26033902,74.62072681,63.27353763,0.505906639,0.505906639,0,0,0,0,0,0,0,0,0,0,0,0,0,0,0,0
3250,0.083473841,49.57950294,0.293387773,147.7284484,0.49134947,0.49134947,0,0,0,0,0,0,0,0,59.90382761,63.25992196,74.62153169,63.27403069,0.505907732,0.505907732,0,0,0,0,0,0,0,0,0,0,0,0,0,0,0,0
3260,0.083054251,49.58107035,0.293552354,147.7293367,0.491349071,0.491349071,0,0,0,0,0,0,0,0,59.90350496,63.25939282,74.62265979,63.27480522,0.505909092,0.505909092,0,0,0,0,0,0,0,0,0,0,0,0,0,0,0,0
3270,0.082585023,49.58223066,0.293651849,147.7304055,0.491348791,0.491348791,0,0,0,0,0,0,0,0,59.9030112,63.25914919,74.62407793,63.27588135,0.505910374,0.505910374,0,0,0,0,0,0,0,0,0,0,0,0,0,0,0,0
3280,0.082217001,49.58340101,0.293643456,147.7316345,0.491348756,0.491348756,0,0,0,0,0,0,0,0,59.90221892,63.25916666,74.62565834,63.2773244,0.50591079,0.50591079,0,0,0,0,0,0,0,0,0,0,0,0,0,0,0,0
3290,0.081942643,49.58457588,0.293584988,147.733101,0.491348946,0.491348946,0,0,0,0,0,0,0,0,59.9014951,63.259181,74.62723581,63.27909609,0.505912785,0.505912785,0,0,0,0,0,0,0,0,0,0,0,0,0,0,0,0
3300,0.081610133,49.58536469,0.293432932,147.7345853,0.491349201,0.491349201,0,0,0,0,0,0,0,0,59.90078833,63.25933701,74.62856338,63.28091926,0.505912735,0.505912735,0,0,0,0,0,0,0,0,0,0,0,0,0,0,0,0
3310,0.081225949,49.58584682,0.293148011,147.7358872,0.491349103,0.491349103,0,0,0,0,0,0,0,0,59.89976255,63.25933232,74.62917611,63.28278212,0.505913666,0.505913666,0,0,0,0,0,0,0,0,0,0,0,0,0,0,0,0
3320,0.0807962,49.58628859,0.292791349,147.737307,0.491348683,0.491348683,0,0,0,0,0,0,0,0,59.89845013,63.25889208,74.62918328,63.28452922,0.505913116,0.505913116,0,0,0,0,0,0,0,0,0,0,0,0,0,0,0,0
3330,0.08047121,49.58678823,0.292418923,147.7390694,0.491348384,0.491348384,0,0,0,0,0,0,0,0,59.89692994,63.25839408,74.62873506,63.28611575,0.505913433,0.505913433,0,0,0,0,0,0,0,0,0,0,0,0,0,0,0,0
3340,0.080387532,49.58762777,0.292033602,147.741089,0.491348334,0.491348334,0,0,0,0,0,0,0,0,59.8954192,63.25784541,74.62792187,63.28779069,0.505913431,0.505913431,0,0,0,0,0,0,0,0,0,0,0,0,0,0,0,0
3350,0.080524054,49.58891828,0.29173444,147.7429975,0.491348374,0.491348374,0,0,0,0,0,0,0,0,59.89421219,63.25734913,74.62755045,63.28953956,0.505913138,0.505913138,0,0,0,0,0,0,0,0,0,0,0,0,0,0,0,0
3360,0.080619707,49.59027724,0.291370383,147.7449419,0.491348633,0.491348633,0,0,0,0,0,0,0,0,59.89309393,63.25738447,74.62743842,63.29125251,0.505914005,0.505914005,0,0,0,0,0,0,0,0,0,0,0,0,0,0,0,0
3370,0.08062955,49.59145224,0.290900442,147.7464776,0.491348815,0.491348815,0,0,0,0,0,0,0,0,59.89220551,63.2569402,74.62717764,63.29278139,0.505913396,0.505913396,0,0,0,0,0,0,0,0,0,0,0,0,0,0,0,0
3380,0.080561171,49.59250318,0.290335881,147.7473938,0.491348377,0.491348377,0,0,0,0,0,0,0,0,59.89186737,63.25557876,74.62692694,63.2942811,0.505913973,0.505913973,0,0,0,0,0,0,0,0,0,0,0,0,0,0,0,0
3390,0.080325404,49.59329235,0.289687336,147.7482721,0.491347925,0.491347925,0,0,0,0,0,0,0,0,59.89150183,63.25391714,74.62707194,63.29584469,0.5059131,0.5059131,0,0,0,0,0,0,0,0,0,0,0,0,0,0,0,0
3400,0.080034439,49.59417726,0.289013024,147.7491124,0.491347738,0.491347738,0,0,0,0,0,0,0,0,59.89072723,63.25222954,74.62748053,63.29712296,0.50591328,0.50591328,0,0,0,0,0,0,0,0,0,0,0,0,0,0,0,0
3410,0.079694329,49.59524228,0.288366088,147.7496256,0.491347242,0.491347242,0,0,0,0,0,0,0,0,59.88967934,63.25095867,74.62817587,63.2982808,0.505912206,0.505912206,0,0,0,0,0,0,0,0,0,0,0,0,0,0,0,0
3420,0.079262592,49.59608167,0.287891229,147.7499833,0.49134633,0.49134633,0,0,0,0,0,0,0,0,59.88886854,63.24983155,74.62893696,63.29985446,0.505911257,0.505911257,0,0,0,0,0,0,0,0,0,0,0,0,0,0,0,0
3430,0.078845459,49.59690492,0.287526839,147.7504871,0.491345179,0.491345179,0,0,0,0,0,0,0,0,59.88837332,63.24845432,74.62956219,63.30151163,0.505910428,0.505910428,0,0,0,0,0,0,0,0,0,0,0,0,0,0,0,0
3440,0.078395087,49.5979512,0.28711996,147.7510738,0.491344229,0.491344229,0,0,0,0,0,0,0,0,59.88773388,63.24661366,74.63030212,63.30299737,0.505909077,0.505909077,0,0,0,0,0,0,0,0,0,0,0,0,0,0,0,0
3450,0.077916207,49.59876281,0.286675976,147.7513964,0.491343464,0.491343464,0,0,0,0,0,0,0,0,59.88682097,63.24430984,74.63114363,63.30422466,0.505908838,0.505908838,0,0,0,0,0,0,0,0,0,0,0,0,0,0,0,0
3460,0.077461436,49.5993574,0.286248128,147.7515735,0.491342733,0.491342733,0,0,0,0,0,0,0,0,59.88599985,63.24231599,74.63183342,63.30506706,0.505907083,0.505907083,0,0,0,0,0,0,0,0,0,0,0,0,0,0,0,0
3470,0.077030426,49.59960734,0.285933058,147.7519546,0.491342176,0.491342176,0,0,0,0,0,0,0,0,59.88545837,63.24080522,74.63209309,63.30565181,0.505906641,0.505906641,0,0,0,0,0,0,0,0,0,0,0,0,0,0,0,0
3480,0.076574575,49.59963864,0.285721988,147.7525683,0.491341777,0.491341777,0,0,0,0,0,0,0,0,59.88522201,63.23916226,74.63248995,63.30585493,0.505904236,0.505904236,0,0,0,0,0,0,0,0,0,0,0,0,0,0,0,0
3490,0.076146084,49.60000073,0.285654703,147.7531024,0.491341524,0.491341524,0,0,0,0,0,0,0,0,59.88507183,63.2375499,74.63349217,63.30575772,0.505903214,0.505903214,0,0,0,0,0,0,0,0,0,0,0,0,0,0,0,0
3500,0.075744212,49.60051821,0.285718694,147.7533209,0.491341269,0.491341269,0,0,0,0,0,0,0,0,59.88495257,63.23655012,74.63475285,63.30601375,0.505902506,0.505902506,0,0,0,0,0,0,0,0,0,0,0,0,0,0,0,0
3510,0.07536818,49.60088607,0.285709269,147.7536846,0.491340736,0.491340736,0,0,0,0,0,0,0,0,59.88534388,63.23596785,74.63595489,63.30673521,0.505901772,0.505901772,0,0,0,0,0,0,0,0,0,0,0,0,0,0,0,0
3520,0.074968985,49.60106796,0.285632991,147.7540347,0.491340229,0.491340229,0,0,0,0,0,0,0,0,59.88610246,63.23547913,74.63709876,63.30729957,0.505901649,0.505901649,0,0,0,0,0,0,0,0,0,0,0,0,0,0,0,0
3530,0.074743031,49.60122427,0.28564068,147.754371,0.491339747,0.491339747,0,0,0,0,0,0,0,0,59.88709629,63.23531854,74.63828149,63.30762219,0.505900502,0.505900502,0,0,0,0,0,0,0,0,0,0,0,0,0,0,0,0
3540,0.074820397,49.60130846,0.285821229,147.7548379,0.491339426,0.491339426,0,0,0,0,0,0,0,0,59.88830055,63.23574672,74.6392058,63.30767507,0.505900799,0.505900799,0,0,0,0,0,0,0,0,0,0,0,0,0,0,0,0
3550,0.074981052,49.60127841,0.286158566,147.7551329,0.491339254,0.491339254,0,0,0,0,0,0,0,0,59.88935444,63.2364205,74.64008378,63.30777113,0.505899248,0.505899248,0,0,0,0,0,0,0,0,0,0,0,0,0,0,0,0
3560,0.075072382,49.60148174,0.286444656,147.7555592,0.491339081,0.491339081,0,0,0,0,0,0,0,0,59.89012257,63.23707443,74.64115705,63.30833989,0.505898866,0.505898866,0,0,0,0,0,0,0,0,0,0,0,0,0,0,0,0
3570,0.075100188,49.60170415,0.286682924,147.7564408,0.491338633,0.491338633,0,0,0,0,0,0,0,0,59.89062731,63.23765952,74.64230762,63.30899976,0.505897336,0.505897336,0,0,0,0,0,0,0,0,0,0,0,0,0,0,0,0
3580,0.075118197,49.60175028,0.286828484,147.7579266,0.491337935,0.491337935,0,0,0,0,0,0,0,0,59.89079369,63.23789039,74.64352409,63.30945087,0.505896189,0.505896189,0,0,0,0,0,0,0,0,0,0,0,0,0,0,0,0
3590,0.075127209,49.6017802,0.286937194,147.7596197,0.491337288,0.491337288,0,0,0,0,0,0,0,0,59.89079568,63.23789401,74.64469941,63.31004735,0.50589508,0.50589508,0,0,0,0,0,0,0,0,0,0,0,0,0,0,0,0
3600,0.075224372,49.60203619,0.287011898,147.7609648,0.49133669,0.49133669,0,0,0,0,0,0,0,0,59.89098525,63.23778693,74.64602537,63.31077392,0.505893535,0.505893535,0,0,0,0,0,0,0,0,0,0,0,0,0,0,0,0
3610,0.075401471,49.60278631,0.28700713,147.7621803,0.491336276,0.491336276,0,0,0,0,0,0,0,0,59.89139316,63.23733846,74.64753155,63.31161616,0.505892548,0.505892548,0,0,0,0,0,0,0,0,0,0,0,0,0,0,0,0
3620,0.075650703,49.60364635,0.287074549,147.7636102,0.491336169,0.491336169,0,0,0,0,0,0,0,0,59.89199841,63.23662889,74.64919598,63.31251226,0.505890966,0.505890966,0,0,0,0,0,0,0,0,0,0,0,0,0,0,0,0
3630,0.076012869,49.6041212,0.287207476,147.7648926,0.491336204,0.491336204,0,0,0,0,0,0,0,0,59.8925401,63.23563603,74.65085345,63.31297198,0.505890746,0.505890746,0,0,0,0,0,0,0,0,0,0,0,0,0,0,0,0
3640,0.076428309,49.60443601,0.287399563,147.7659873,0.49133637,0.49133637,0,0,0,0,0,0,0,0,59.89306995,63.23482271,74.65201611,63.31312866,0.505889554,0.505889554,0,0,0,0,0,0,0,0,0,0,0,0,0,0,0,0
3650,0.076746072,49.60470012,0.287644797,147.7672922,0.491336653,0.491336653,0,0,0,0,0,0,0,0,59.89353871,63.23456173,74.65281972,63.31329777,0.505889537,0.505889537,0,0,0,0,0,0,0,0,0,0,0,0,0,0,0,0
3660,0.076973583,49.60486881,0.287937486,147.7687835,0.491336905,0.491336905,0,0,0,0,0,0,0,0,59.89390177,63.2343231,74.65363037,63.31328476,0.50588806,0.50588806,0,0,0,0,0,0,0,0,0,0,0,0,0,0,0,0
3670,0.077166155,49.60504628,0.288416837,147.7699085,0.491337127,0.491337127,0,0,0,0,0,0,0,0,59.89450444,63.23386483,74.65410687,63.31334684,0.505887789,0.505887789,0,0,0,0,0,0,0,0,0,0,0,0,0,0,0,0
3680,0.077326134,49.60508646,0.289016178,147.7706472,0.491337459,0.491337459,0,0,0,0,0,0,0,0,59.89522666,63.2334974,74.65408427,63.31366986,0.505886878,0.505886878,0,0,0,0,0,0,0,0,0,0,0,0,0,0,0,0
3690,0.077455783,49.60509779,0.289626095,147.7713202,0.49133789,0.49133789,0,0,0,0,0,0,0,0,59.89605496,63.23326237,74.65375158,63.31403658,0.505886654,0.505886654,0,0,0,0,0,0,0,0,0,0,0,0,0,0,0,0
3700,0.077509093,49.60542013,0.290243241,147.7715933,0.491338546,0.491338546,0,0,0,0,0,0,0,0,59.89697665,63.23300433,74.65318587,63.31453806,0.505886896,0.505886896,0,0,0,0,0,0,0,0,0,0,0,0,0,0,0,0
3710,0.07754083,49.60559085,0.290719959,147.7711636,0.49133913,0.49133913,0,0,0,0,0,0,0,0,59.89793159,63.23291912,74.65236188,63.31520854,0.505886457,0.505886457,0,0,0,0,0,0,0,0,0,0,0,0,0,0,0,0
3720,0.077745557,49.60504441,0.291066843,147.7702398,0.491339234,0.491339234,0,0,0,0,0,0,0,0,59.89867209,63.23284714,74.65125762,63.31593397,0.505886664,0.505886664,0,0,0,0,0,0,0,0,0,0,0,0,0,0,0,0
3730,0.078010709,49.60375033,0.291342256,147.7689658,0.491339037,0.491339037,0,0,0,0,0,0,0,0,59.89897333,63.23240195,74.65004692,63.31661021,0.505885719,0.505885719,0,0,0,0,0,0,0,0,0,0,0,0,0,0,0,0
3740,0.078137097,49.60240664,0.291455073,147.7672333,0.491338567,0.491338567,0,0,0,0,0,0,0,0,59.89892133,63.23176305,74.64884043,63.31723897,0.505886258,0.505886258,0,0,0,0,0,0,0,0,0,0,0,0,0,0,0,0
3750,0.078136553,49.601505,0.291467491,147.7653308,0.491337849,0.491337849,0,0,0,0,0,0,0,0,59.89874047,63.2314803,74.64793168,63.31767741,0.505885933,0.505885933,0,0,0,0,0,0,0,0,0,0,0,0,0,0,0,0
3760,0.078116745,49.60047955,0.29153296,147.7630399,0.491337323,0.491337323,0,0,0,0,0,0,0,0,59.89882844,63.23152317,74.64720141,63.31760335,0.50588672,0.50588672,0,0,0,0,0,0,0,0,0,0,0,0,0,0,0,0
3770,0.078079461,49.59934536,0.291742895,147.7606452,0.491336971,0.491336971,0,0,0,0,0,0,0,0,59.89906463,63.231477,74.6463475,63.31715902,0.505885987,0.505885987,0,0,0,0,0,0,0,0,0,0,0,0,0,0,0,0
3780,0.077930017,49.59835752,0.292035435,147.7585508,0.491336643,0.491336643,0,0,0,0,0,0,0,0,59.89943494,63.23149448,74.64548068,63.31642726,0.505885612,0.505885612,0,0,0,0,0,0,0,0,0,0,0,0,0,0,0,0
3790,0.077871739,49.59760331,0.292257508,147.7566902,0.491336064,0.491336064,0,0,0,0,0,0,0,0,59.90002237,63.23132892,74.64475011,63.31615939,0.505884774,0.505884774,0,0,0,0,0,0,0,0,0,0,0,0,0,0,0,0
3800,0.077993144,49.59706496,0.292414499,147.7549535,0.491335669,0.491335669,0,0,0,0,0,0,0,0,59.90046796,63.23085265,74.6439056,63.31655622,0.505883516,0.505883516,0,0,0,0,0,0,0,0,0,0,0,0,0,0,0,0
3810,0.078229593,49.59638806,0.292607956,147.7529029,0.491335444,0.491335444,0,0,0,0,0,0,0,0,59.90083075,63.23048071,74.64281602,63.31712337,0.505883304,0.505883304,0,0,0,0,0,0,0,0,0,0,0,0,0,0,0,0
3820,0.078569929,49.59573216,0.292833875,147.7502852,0.491335239,0.491335239,0,0,0,0,0,0,0,0,59.90164678,63.23059083,74.64170023,63.31769891,0.505881834,0.505881834,0,0,0,0,0,0,0,0,0,0,0,0,0,0,0,0
3830,0.078858999,49.59529077,0.292992095,147.7472093,0.491335188,0.491335188,0,0,0,0,0,0,0,0,59.90287256,63.23113975,74.64046858,63.31813523,0.50588175,0.50588175,0,0,0,0,0,0,0,0,0,0,0,0,0,0,0,0
3840,0.079100218,49.59475741,0.293039812,147.743969,0.491335278,0.491335278,0,0,0,0,0,0,0,0,59.90412948,63.23160439,74.6392326,63.31863575,0.505879929,0.505879929,0,0,0,0,0,0,0,0,0,0,0,0,0,0,0,0
3850,0.079393271,49.59399777,0.293034852,147.7407363,0.49133536,0.49133536,0,0,0,0,0,0,0,0,59.90512067,63.23184581,74.63828673,63.31890363,0.505879849,0.505879849,0,0,0,0,0,0,0,0,0,0,0,0,0,0,0,0
3860,0.079636009,49.59298678,0.292981914,147.7377161,0.491335159,0.491335159,0,0,0,0,0,0,0,0,59.90601041,63.23217206,74.6376571,63.31900668,0.505878987,0.505878987,0,0,0,0,0,0,0,0,0,0,0,0,0,0,0,0
3870,0.079783752,49.59165436,0.29288547,147.734805,0.491334975,0.491334975,0,0,0,0,0,0,0,0,59.90699695,63.2326225,74.63722172,63.31920011,0.505878363,0.505878363,0,0,0,0,0,0,0,0,0,0,0,0,0,0,0,0
3880,0.079844358,49.59017893,0.292749767,147.7320531,0.491335083,0.491335083,0,0,0,0,0,0,0,0,59.90777866,63.23313613,74.63667589,63.31928234,0.505878749,0.505878749,0,0,0,0,0,0,0,0,0,0,0,0,0,0,0,0
3890,0.080018102,49.58872359,0.292530637,147.7295051,0.491335593,0.491335593,0,0,0,0,0,0,0,0,59.90827426,63.23418723,74.63598338,63.31940752,0.505877998,0.505877998,0,0,0,0,0,0,0,0,0,0,0,0,0,0,0,0
3900,0.080342438,49.58734049,0.29228455,147.7269603,0.491336056,0.491336056,0,0,0,0,0,0,0,0,59.90884456,63.23557932,74.63506358,63.3198123,0.505878903,0.505878903,0,0,0,0,0,0,0,0,0,0,0,0,0,0,0,0
3910,0.080706317,49.5859323,0.292111258,147.7242358,0.4913362,0.4913362,0,0,0,0,0,0,0,0,59.90952888,63.23684286,74.63418128,63.32061481,0.505877834,0.505877834,0,0,0,0,0,0,0,0,0,0,0,0,0,0,0,0
3920,0.081008405,49.58455498,0.2918604,147.7215027,0.491336463,0.491336463,0,0,0,0,0,0,0,0,59.91031437,63.23812887,74.63362579,63.32163196,0.505877817,0.505877817,0,0,0,0,0,0,0,0,0,0,0,0,0,0,0,0
3930,0.081397578,49.58340402,0.291539858,147.7192064,0.491336835,0.491336835,0,0,0,0,0,0,0,0,59.91118895,63.23885197,74.63322567,63.32255151,0.505877019,0.505877019,0,0,0,0,0,0,0,0,0,0,0,0,0,0,0,0
3940,0.081912754,49.58275298,0.291301668,147.717799,0.491337305,0.491337305,0,0,0,0,0,0,0,0,59.91204486,63.23920388,74.63320968,63.32337851,0.505877252,0.505877252,0,0,0,0,0,0,0,0,0,0,0,0,0,0,0,0
3950,0.082540703,49.58251184,0.291139452,147.716918,0.491337861,0.491337861,0,0,0,0,0,0,0,0,59.91297677,63.23993911,74.63364013,63.32431068,0.505877475,0.505877475,0,0,0,0,0,0,0,0,0,0,0,0,0,0,0,0
3960,0.08317254,49.5828379,0.290950714,147.7160864,0.491338358,0.491338358,0,0,0,0,0,0,0,0,59.91402244,63.24039417,74.6340901,63.32538319,0.505877529,0.505877529,0,0,0,0,0,0,0,0,0,0,0,0,0,0,0,0
3970,0.083660845,49.58367945,0.290738557,147.7152548,0.491338384,0.491338384,0,0,0,0,0,0,0,0,59.91483027,63.24054398,74.63455608,63.32633837,0.505878536,0.505878536,0,0,0,0,0,0,0,0,0,0,0,0,0,0,0,0
3980,0.084064639,49.58445726,0.290505898,147.7143301,0.49133812,0.49133812,0,0,0,0,0,0,0,0,59.91546642,63.24094519,74.63493842,63.32670095,0.505878195,0.505878195,0,0,0,0,0,0,0,0,0,0,0,0,0,0,0,0
3990,0.084486221,49.58493296,0.290207285,147.7136134,0.491337868,0.491337868,0,0,0,0,0,0,0,0,59.9160882,63.24205581,74.63505029,63.32661853,0.505878997,0.505878997,0,0,0,0,0,0,0,0,0,0,0,0,0,0,0,0
4000,0.084825962,49.58489054,0.289801564,147.7130891,0.491337627,0.491337627,0,0,0,0,0,0,0,0,59.91669443,63.24347106,74.63472249,63.3268057,0.505877835,0.505877835,0,0,0,0,0,0,0,0,0,0,0,0,0,0,0,0
4010,0.085186178,49.58452079,0.289348049,147.7125012,0.491337397,0.491337397,0,0,0,0,0,0,0,0,59.91718772,63.24477274,74.63428454,63.32738232,0.505878207,0.505878207,0,0,0,0,0,0,0,0,0,0,0,0,0,0,0,0
4020,0.085611821,49.58375787,0.288997353,147.7121468,0.491337178,0.491337178,0,0,0,0,0,0,0,0,59.91733519,63.24572485,74.63418171,63.32792598,0.505877762,0.505877762,0,0,0,0,0,0,0,0,0,0,0,0,0,0,0,0
4030,0.085902624,49.58244696,0.288741726,147.7118619,0.491336696,0.491336696,0,0,0,0,0,0,0,0,59.91750433,63.24616191,74.63424003,63.32829288,0.505877839,0.505877839,0,0,0,0,0,0,0,0,0,0,0,0,0,0,0,0
4040,0.086021229,49.58093109,0.288477344,147.711738,0.491335975,0.491335975,0,0,0,0,0,0,0,0,59.91793352,63.24632074,74.63420399,63.3283527,0.505877918,0.505877918,0,0,0,0,0,0,0,0,0,0,0,0,0,0,0,0
4050,0.086030662,49.57933083,0.288157835,147.7119057,0.491335315,0.491335315,0,0,0,0,0,0,0,0,59.91869435,63.2464182,74.6343231,63.32813248,0.505877997,0.505877997,0,0,0,0,0,0,0,0,0,0,0,0,0,0,0,0
4060,0.085940585,49.57780458,0.287933937,147.7120976,0.491334712,0.491334712,0,0,0,0,0,0,0,0,59.91965795,63.24684491,74.63453488,63.32804353,0.505879184,0.505879184,0,0,0,0,0,0,0,0,0,0,0,0,0,0,0,0
4070,0.08580839,49.57649636,0.287846233,147.712648,0.491334164,0.491334164,0,0,0,0,0,0,0,0,59.9207543,63.24766631,74.63458932,63.32783357,0.505879003,0.505879003,0,0,0,0,0,0,0,0,0,0,0,0,0,0,0,0
4080,0.085638341,49.57558475,0.287882965,147.7141013,0.491333806,0.491333806,0,0,0,0,0,0,0,0,59.92177452,63.24869951,74.63478933,63.32732141,0.505880264,0.505880264,0,0,0,0,0,0,0,0,0,0,0,0,0,0,0,0
4090,0.08538628,49.5750381,0.288032933,147.715745,0.491333623,0.491333623,0,0,0,0,0,0,0,0,59.922384,63.24972884,74.63488023,63.32692146,0.505879674,0.505879674,0,0,0,0,0,0,0,0,0,0,0,0,0,0,0,0
4100,0.085060489,49.57487432,0.288237289,147.716881,0.491333461,0.491333461,0,0,0,0,0,0,0,0,59.92261681,63.25065419,74.63487134,63.32676992,0.505880559,0.505880559,0,0,0,0,0,0,0,0,0,0,0,0,0,0,0,0
4110,0.084668807,49.57506005,0.288490393,147.717598,0.49133332,0.49133332,0,0,0,0,0,0,0,0,59.92298744,63.25172211,74.63491616,63.32660433,0.505880414,0.505880414,0,0,0,0,0,0,0,0,0,0,0,0,0,0,0,0
4120,0.084266827,49.57517795,0.288690529,147.718027,0.491333474,0.491333474,0,0,0,0,0,0,0,0,59.92333761,63.25286753,74.63505793,63.32623384,0.505880597,0.505880597,0,0,0,0,0,0,0,0,0,0,0,0,0,0,0,0
4130,0.083857051,49.57479985,0.288841614,147.7183845,0.491333757,0.491333757,0,0,0,0,0,0,0,0,59.92366774,63.25398265,74.63538385,63.32567812,0.505881234,0.505881234,0,0,0,0,0,0,0,0,0,0,0,0,0,0,0,0
,0.08344179,49.57445325,0.28894741,147.7186273,0.491334021,0.491334021,0,0,0,0,0,0,0,0,59.92407471,63.25540311,74.63577989,63.32519677,0.505881652,0.505881652,0,0,0,0,0,0,0,0,0,0,0,0,0,0,0,0
,,,0.28894741,147.7186273,0.491334021,0.491334021,0,0,0,0,0,0,0,0,59.92407471,63.25540311,74.63577989,63.32519677,0.505881652,0.505881652,0,0,0,0,0,0,0,0,0,0,0,0,0,0,0,0
